s_date,isin,rate
2023년 7월 25일, 아이오케이 (078860),1:30
2023년 7월 24일, KH 건설 (226360),1:15
2023년 7월 24일, KH 일렉트론 (111870),1:15
2023년 7월 24일, 지에프씨생명과학 (388610),3:01
2023년 7월 19일, 라이온켐텍 (171120),2:01
2023년 7월 19일, 세원이앤씨 (091090),1:05
2023년 7월 12일, HB솔루션 (297890),4:01
2023년 7월 12일, 다원넥스뷰 (323350),5:01
2023년 7월 12일, 오스템임플란트 (048260),1:10
2023년 7월 4일, 알비더블유 (361570),3:01
2023년 6월 30일, 포시에스 (189690),3:01
2023년 6월 27일, 토마토시스템 (393210),3:01
2023년 6월 26일, 꿈비 (407400),1.3:1
2023년 6월 23일, 엑스페릭스 (317770),7:01
2023년 6월 7일, 시티랩스 (139050),1:15
2023년 6월 1일, 동국홀딩스 (001230),1:5.99
2023년 5월 31일, TYM (002900),1.5:1
2023년 5월 22일, 제이아이테크 (417500),4:01
2023년 5월 15일, CBI (013720),1:10
2023년 5월 12일, DGP (060900),1:10
2023년 5월 12일, 센코 (347000),4:01
2023년 5월 9일, 탈로스 (434190),2:01
2023년 5월 8일, 나우IB (293580),10:01
2023년 5월 4일, 엘아이에스 (138690),1:24
2023년 5월 2일, 국보 (001140),1:10
2023년 5월 2일, 위지윅스튜디오 (299900),4:01
2023년 5월 1일, OCI홀딩스 (010060),1:1.45
2023년 5월 1일, 이수화학 (005950),1:1.25
2023년 4월 28일, 대한전선 (001440),1:10
2023년 4월 27일, TYM (002900),1:05
2023년 4월 19일, 신대양제지 (016590),10:01
2023년 4월 19일, 영풍제지 (006740),2.5:1
2023년 4월 19일, 제놀루션 (225220),2:01
2023년 4월 14일, DSNL (141020),1:04
2023년 4월 14일, 소프트센 (032685),2.5:1
2023년 4월 14일, 소프트센 (032680),2.5:1
2023년 4월 14일, 지티지웰니스 (219750),1:02
2023년 4월 14일, 프로스테믹스 (203690),1:05
2023년 4월 13일, 동원F&B (049770),5:01
2023년 4월 13일, 바이브컴퍼니 (301300),2:01
2023년 4월 13일, 티엘아이 (062860),5:01
2023년 4월 12일, DH오토웨어 (025440),1:05
2023년 4월 12일, 넥스턴 (089140),1:05
2023년 4월 12일, 리더스 기술투자 (019570),1:03
2023년 4월 12일, 미래아이앤지 (007120),1:05
2023년 4월 12일, 일성신약 (003120),5:01
2023년 4월 10일, 비케이홀딩스 (050090),1:04
2023년 4월 10일, 수출포장 (002200),10:01
2023년 4월 10일, 조광ILI (044060),1:05
2023년 4월 7일, 엔에이치스팩19호 (380440),1:05
2023년 4월 7일, 엔에이치스팩20호 (391060),1:05
2023년 4월 6일, 일신방직 (003200),10:01
2023년 4월 6일, 조선내화 (000480),10:01
2023년 3월 28일, 상상인인더스트리 (101000),1:04
2023년 3월 24일, 삼일제약 (000520),1.1:1
, 휴마시스 (205470),4:01
2023년 3월 20일, 에이프로젠 H&G (109960),1:05
2023년 3월 17일, 국제약품 (002720),1.05:1
2023년 3월 16일, HPSP (403870),4:01
2023년 3월 15일, HLB테라퓨틱스 (115450),2:01
2023년 3월 14일, 빛샘전자 (072950),1.3:1
, 아이센스 (099190),2:01
2023년 3월 13일, JW Pharmaceutical (001067),1.03:1
, JW Pharmaceutical (001065),1.03:1
, JW중외제약 (001060),1.03:1
, JW홀딩스 (096760),1.03:1
2023년 3월 9일, DT CRO (383930),2:01
, 엘브이엠씨 (900140),1.4:1
2023년 2월 28일, Earth Aerospace Manufacturing Ind (263540),5:01
, 압타머사이언스 (291650),2:01
2023년 2월 27일, 시노펙스 (025320),1.023:1
, 한화솔루션 (009830),1:1.11
, 한화케미칼우 (009835),1:1.11
, 현대그린푸드 (005440),1:1.53
2023년 2월 24일, 아모텍 (052710),1.5:1
2023년 2월 23일, 유투바이오 (221800),4:01
2023년 2월 14일, 비디아이 (148140),1:04
2023년 2월 3일, 하이로닉 (149980),1.1:1
2023년 1월 30일, 계양전기 (012200),1:1.2
, 계양전기우 (012205),1:1.2
2023년 1월 26일, IlWoul GML (178780),1:05
2023년 1월 20일, Earth Aerospace Manufacturing Ind (263540),1:05
2023년 1월 11일, 제넥신 (095700),1.3:1
, 지오엘리먼트 (311320),2:01
2023년 1월 9일, 한컴MDS (086960),4:01
2022년 12월 29일, 푸드나무 (290720),2:01
2022년 12월 28일, DI동일 (001530),1.025:1
, HLB (028300),1.043:1
, HLB테라퓨틱스 (115450),1.035:1
, JW신약 (067290),1.05:1
, KBG (318000),1.005:1
, SK이노베이션 (096770),1.034:1
, 가온미디어 (078890),1.03:1
, 고려제강 (002240),1.087:1
, 나스미디어 (089600),1.1:1
, 동아에스티 (170900),1.02:1
, 동일기연 (032960),1.05:1
, 메디톡스 (086900),1.05:1
, 미래컴퍼니 (049950),1.03:1
, 비나텍 (126340),1.05:1
, 삼진 (032750),1.12:1
, 서린바이오 (038070),1.024:1
, 서부T&D (006730),1.02:1
, 성우테크론 (045300),1.02:1
, 셀트리온 (068270),1.04:1
, 셀트리온제약 (068760),1.05:1
, 셀트리온헬스케어 (091990),1.04:1
, 신일제약 (012790),1.04:1
, 에이치시티 (072990),1.014:1
, 에이치엘비생명과학 (067630),1.052:1
, 에이치피오 (357230),1.04:1
, 에이프로젠 MED (007460),1:03
, 에코프로 (086520),1.03:1
, 유한양행 (000100),1.05:1
, 이테크건설 (016250),1.3:1
, 제놀루션 (225220),1.01:1
, 종근당 (185750),1.05:1
, 케이엠 (083550),1.05:1
, 코맥스 (036690),1.02:1
, 코오롱글로벌 (003070),1:1.33
, 코오롱글로벌우 (003075),1:1.33
, 코윈테크 (282880),1.03:1
, 한미사이언스 (008930),1.02:1
, 한미약품 (128940),1.02:1
2022년 12월 19일, QRT (405100),3:01
, 미스터블루 (207760),3:01
2022년 12월 16일, 하이트론 (019490),5:01
2022년 12월 15일, 스튜디오산타클로스 (204630),6:01
2022년 12월 14일, 아이큐어 (175250),1.2:1
2022년 12월 12일, 코리안리 (003690),1.2:1
2022년 12월 9일, 로스웰 (900260),1:05
, 이브이첨단소재 (131400),1:02
2022년 11월 25일, 제이준코스메틱 (025620),1:20
2022년 11월 23일, 동원산업 (006040),5:01
, 바이오플러스 (099430),4:01
2022년 11월 22일, 지누스 (013890),1.1:1
2022년 11월 21일, 어반리튬 (073570),1:05
, 피코그램 (376180),6:01
2022년 11월 18일, 대호특수강 (021040),1:10
, 대호특수강우 (021045),1:10
2022년 11월 16일, 메디콕스 (054180),2:01
, 티엘비 (356860),2:01
2022년 11월 11일, 메타랩스 (090370),1:05
2022년 11월 9일, 알체라 (347860),1.2:1
2022년 11월 4일, 에이팩트 (200470),1.5:1
2022년 11월 3일, ICH (368600),3:01
2022년 11월 1일, 유니드 (014830),1:1.31
2022년 10월 27일, 아이윈플러스 (123010),1:05
2022년 10월 25일, 알테오젠 (196170),1.2:1
2022년 10월 24일, 퓨쳐켐 (220100),1.3:1
2022년 10월 21일, ITX엠투엠 (099520),1:02
2022년 10월 14일, 코디엠 (224060),1:20
2022년 10월 7일, 한컴MDS (086960),2.5:1
2022년 9월 30일, 형지I&C (011080),1:03
2022년 9월 28일, 싸이토젠 (217330),3:01
, 좋은사람들 (033340),1:02
2022년 9월 21일, PSK (319660),2:01
2022년 9월 19일, MIT (038340),1:08
2022년 9월 15일, KG모빌리티 (003620),1:3.16
2022년 9월 14일, 도부마스크 (227420),2:01
2022년 9월 13일, 아이디피 (332370),2:01
2022년 9월 6일, 에브리봇 (270660),2:01
2022년 9월 2일, 크루셜텍 (114120),1:10
2022년 9월 1일, 아이윈플러스 (123010),1.3:1
, 파인테크닉스 (106240),1:1.54
, 폴라리스우노 (114630),4:01
2022년 8월 31일, KG모빌리티 (003620),1:10
2022년 8월 25일, 휴림네트웍스 (192410),2.5:1
2022년 8월 18일, 노바렉스 (194700),2:01
2022년 8월 17일, 엔지켐생명과학 (183490),6:01
2022년 8월 16일, 에스엘바이오닉스 (214310),5:01
2022년 8월 12일, CBI (013720),4:01
2022년 8월 10일, HSD엔진 (082740),1.2:1
, 지투파워 (388050),5:01
2022년 8월 8일, 신진에스엠 (138070),2:01
2022년 8월 5일, 이노시스 (056090),5:01
2022년 8월 2일, 아스플로 (159010),3:01
2022년 8월 1일, 테크윙 (089030),2:01
2022년 7월 27일, 비플라이소프트 (148780),5:01
2022년 7월 26일, P&K 스킨리서치 (347740),4:01
2022년 7월 25일, 셀리버리 (268600),2:01
2022년 7월 22일, 에어부산 (298690),1:03
, 코디엠 (224060),1:05
2022년 7월 19일, 라온피플 (300120),2:01
, 모아데이타 (288980),6:01
2022년 7월 18일, 수프로 (185190),2.5:1
2022년 7월 14일, 실리콘투 (257720),6:01
, 조광ILI (044060),6:01
2022년 7월 13일, 지니너스 (389030),3:01
, 휴스틸 (005010),5:01
2022년 7월 12일, 원준 (382840),3:01
, 유틸렉스 (263050),1.5:1
2022년 7월 5일, 케이옥션 (102370),3:01
2022년 7월 1일, 원포유 (122830),5:01
2022년 6월 30일, 포시에스 (189690),1.05:1
2022년 6월 29일, 공구우먼 (366030),6:01
2022년 6월 27일, 에코프로비엠 (247540),4:01
2022년 6월 24일, 메디콕스 (054180),1:10
, 카이노스메드 (284620),1:05
2022년 6월 22일, 인카금융서비스 (211050),2:01
, 코스모화학 (005420),1.12:1
2022년 6월 20일, 씨에스베어링 (297090),2:01
2022년 6월 17일, 유니트론텍 (142210),1.2:1
2022년 6월 13일, 에코캡 (128540),1.3:1
2022년 6월 8일, 바이젠셀 (308080),2:01
2022년 6월 7일, 카나리아바이오 (016790),5:01
2022년 6월 3일, 아이패밀리에스씨 (114840),2:01
2022년 6월 2일, 모트렉스 (118990),3:01
2022년 5월 31일, HLB BioStep (278650),9:01
2022년 5월 30일, 엔비티 (236810),2:01
2022년 5월 27일, 투비소프트 (079970),1:10
2022년 5월 26일, 마이크로디지탈 (305090),2:01
2022년 5월 25일, 태웅로직스 (124560),2:01
2022년 5월 12일, 소니드 (060230),1:05
2022년 5월 11일, 신도기연 (290520),2:01
2022년 5월 6일, 브레인즈컴퍼니 (099390),2:01
2022년 5월 4일, 세종텔레콤 (036630),1:02
2022년 5월 2일, 초록뱀미디어 (047820),1:10
, 토박스코리아 (215480),1:05
2022년 4월 29일, 그래디언트 (035080),1:05
, 이아이디 (093230),1:10
2022년 4월 26일, 와이엠텍 (273640),2:01
2022년 4월 19일, 라온테크 (232680),2.5:1
2022년 4월 18일, 맥스트 (377030),2:01
2022년 4월 15일, 젬 (248020),10:01
, 중앙디앤엠 (051980),1:03
2022년 4월 14일, DI동일 (001530),10:01
, 다이나믹디자인 (145210),1:30
, 덕산하이메탈 (077360),2:01
, 바이온 (032980),1:02
2022년 4월 13일, 서진시스템 (178320),2:01
2022년 4월 12일, 광무 (029480),1:05
, 이노진 (344860),5:01
2022년 4월 11일, 신영와코루 (005800),10:01
2022년 4월 8일, DL이앤씨 (375500),2:01
, DL이앤씨우 (37550K),2:01
, F&F (383220),5:01
, 모트렉스 (118990),1:05
2022년 4월 7일, 트루윈 (105550),2:01
2022년 4월 6일, HLB사이언스 (343090),2:01
, 광주신세계 (037710),5:01
, 신세계I&C (035510),10:01
, 신세계인터내셔날 (031430),5:01
, 유비온 (084440),5:01
2022년 4월 5일, 메지온 (140410),3:01
, 티앤알바이오팹 (246710),2:01
2022년 4월 1일, 아세아시멘트 (183190),10:01
, 한미반도체 (042700),2:01
2022년 3월 31일, 랩지노믹스 (084650),3:01
, 지아이텍 (382480),5:01
2022년 3월 30일, 이상네트웍스 (080010),1.11:1
, 플랜티넷 (075130),2:01
2022년 3월 18일, 국제약품 (002720),1.05:1
2022년 3월 10일, 선진 뷰티 사이언스 (086710),2:01
2022년 3월 7일, 대원제약 (003220),1.03:1
2022년 2월 28일, TechL (064520),1:10
, 이즈미디어 (181340),2:01
, 파세코 (037070),1.429:1
2022년 2월 25일, 황금에스티 (032560),1.063:1
2022년 2월 24일, 엠브레인 (169330),2:01
2022년 2월 23일, 이루다 (164060),2:01
2022년 2월 11일, 세토피아 (222810),1:05
2022년 2월 7일, 에이프로 (262260),2:01
2022년 2월 3일, 대창단조 (015230),2:01
, 세원이앤씨 (091090),1:10
2022년 1월 28일, 에스맥 (097780),1:05
2022년 1월 17일, 엠로 (058970),2:01
, 이오플로우 (294090),2:01
2022년 1월 12일, 판타지오 (032800),1:10
2021년 12월 30일, 제넨바이오 (072520),1:05
2021년 12월 29일, DI동일 (001530),1.025:1
, JW Pharmaceutical (001067),1.03:1
, JW Pharmaceutical (001065),1.03:1
, JW신약 (067290),1.05:1
, JW중외제약 (001060),1.03:1
, JW홀딩스 (096760),1.03:1
, NHN (181710),2:01
, NHN한국사이버결제 (060250),1.12:1
, SK이노베이션 (096770),1.011:1
, 가온미디어 (078890),1.02:1
, 나노브릭 (286750),2.2:1
, 나스미디어 (089600),1.1:1
, 노바텍 (285490),1.05:1
, 동일기연 (032960),1.04:1
, 디지캡 (197140),1.05:1
, 디지털대성 (068930),1.02:1
, 리노스 (039980),1.05:1
, 메디톡스 (086900),1.05:1
, 미래에셋벤처투자 (100790),1.05:1
, 미래컴퍼니 (049950),1.03:1
, 비나텍 (126340),1.05:1
, 삼진 (032750),1.2:1
, 서린바이오 (038070),1.025:1
, 서부T&D (006730),1.02:1
, 성우테크론 (045300),1.02:1
, 셀트리온 (068270),1.02:1
, 셀트리온제약 (068760),1.03:1
, 셀트리온헬스케어 (091990),1.02:1
, 시큐브 (131090),1.051:1
, 신일제약 (012790),1.03:1
, 씨앤지하이테크 (264660),1.01:1
, 아이윈 (090150),1.1:1
, 에이리츠 (140910),1.06:1
, 에이치시티 (072990),1.011:1
, 에코프로 (086520),1.02:1
, 위즈코프 (038620),1.05:1
, 유한양행 (000100),1.05:1
, 이루다 (164060),1.1:1
, 이테크건설 (016250),1.3:1
, 인터로조 (119610),1.02:1
, 조이시티 (067000),1.5:1
, 종근당 (185750),1.05:1
, 케이엠 (083550),1.05:1
, 케이탑리츠 (145270),1.04:1
, 코맥스 (036690),1.02:1
, 코윈테크 (282880),1.03:1
, 피엔에이치테크 (239890),2:01
, 한미사이언스 (008930),1.02:1
, 한미약품 (128940),1.02:1
, 한일홀딩스 (003300),1.07:1
, 헬릭스미스 (084990),1.1:1
, 휴온스 (243070),1.1:1
, 휴온스 (084110),1.05:1
2021년 12월 27일, 에스트래픽 (234300),1.1:1
2021년 12월 20일, 자이언트스텝 (289220),2:01
2021년 12월 17일, Hysonic (106080),1:02
, RF머트리얼즈 (327260),2:01
2021년 12월 16일, 하나마이크론 (067310),1.2:1
2021년 12월 15일, 스튜디오산타클로스 (204630),1:05
2021년 12월 9일, 씨앤투스성진 (352700),3:01
2021년 12월 7일, MIT (038340),1:03
, 디와이디대양 (219550),2:01
, 아이엠 (101390),1:10
2021년 12월 6일, 딥노이드 (315640),2:01
, 아이큐어 (175250),2:01
2021년 12월 3일, 진원생명과학 (011000),1.5:1
2021년 12월 2일, 알로이스 (297570),2:01
2021년 11월 29일, 제노코 (361390),3:01
2021년 11월 26일, DSNL (141020),1:20
2021년 11월 25일, NHN한국사이버결제 (060250),1.5:1
, 디케이앤디 (263020),2:01
2021년 11월 23일, 에스엘바이오닉스 (214310),1:10
2021년 11월 18일, 오리엔트정공 (065500),1:05
, 쿠콘 (294570),1.25:1
2021년 11월 16일, 비즈니스온 (138580),2:01
, 코센 (009730),1:03
2021년 11월 11일, 이미지스 (115610),2:01
2021년 11월 5일, 지나인제약 (078650),1:20
2021년 11월 4일, 동일금속 (109860),1.33:1
2021년 11월 1일, SK텔레콤 (017670),1:1.65
2021년 10월 29일, 네오리진 (094860),1.2:1
2021년 10월 28일, Smart Solutions (136510),4:01
, 동일철강 (023790),2:01
2021년 10월 26일, 이엠앤아이 (083470),1:02
2021년 10월 22일, 솔트룩스 (304100),2:01
2021년 10월 21일, SK케미칼 (285130),1.5:1
, SK케미칼우 (28513K),1.5:1
2021년 10월 19일, 마니커 (027740),1:05
2021년 10월 14일, 초록뱀이앤엠 (131100),1:05
2021년 10월 12일, FSN (214270),1:05
, 해성티피씨 (059270),2:01
2021년 10월 8일, 메디아나 (041920),1.854:1
, 원티드랩 (376980),2:01
2021년 10월 5일, 세종메디칼 (258830),5:01
2021년 9월 24일, Earth Aerospace Manufacturing Ind (263540),1:20
2021년 9월 23일, 제룡산업 (147830),2:01
2021년 9월 17일, 세화피앤씨 (252500),2:01
, 한라IMS (092460),1.5:1
2021년 9월 15일, 씨이랩 (189330),2:01
, 에스엠벡셀 (010580),1:05
2021년 9월 14일, 엘아이에스 (138690),5:01
2021년 9월 13일, 엠투엔 (033310),1.2:1
, 위메이드 (112040),2:01
2021년 9월 10일, 제주항공 (089590),1.046:1
2021년 9월 9일, 에이원알폼 (234070),1:15
2021년 9월 8일, 네오리진 (094860),1.15:1
, 브레인콘텐츠 (066980),2:01
, 한일시멘트 (300720),10:01
2021년 9월 6일, KD건설 (044180),1.088:1
2021년 9월 2일, 강스템바이오텍 (217730),1.13:1
, 씨앤씨인터내셔널 (352480),1.5:1
2021년 9월 1일, 이녹스첨단소재 (272290),2:01
2021년 8월 31일, 브랜드엑스 (337930),1.5:1
2021년 8월 26일, K Ensol (053080),3:01
2021년 8월 25일, 이브이첨단소재 (131400),2:01
2021년 8월 24일, 압타바이오 (293780),2:01
, 쿠쿠홀딩스 (192400),5:01
2021년 8월 20일, 국도화학 (007690),1.227:1
2021년 8월 19일, 국도화학 (007690),1.227:1
, 파멥신 (208340),1.25:1
2021년 8월 17일, 디케이티 (290550),2:01
, 에어부산 (298690),1.279:1
, 에이티세미콘 (089530),1.253:1
2021년 8월 6일, GH신소재 (130500),1.062:1
2021년 8월 3일, 체리부로 (066360),1.152:1
2021년 8월 2일, 더네이쳐 (298540),2:01
, 제이준코스메틱 (025620),1.2:1
2021년 7월 29일, 에코프로에이치엔 (383310),4:01
2021년 7월 28일, CBI (013720),5:01
2021년 7월 27일, 드래곤플라이 (030350),1.13:1
2021년 7월 22일, 노랑풍선 (104620),3:01
, 큐브엔터 (182360),2:01
, 펨토바이오메드 (327610),1.5:1
2021년 7월 19일, PHC (057880),1.074:1
, 에이루트 (096690),6:01
2021년 7월 16일, 보령 (003850),1.2:1
, 코디엠 (224060),1:10
2021년 7월 15일, 세원이앤씨 (091090),2:01
, 앤디포스 (238090),1:2.5
2021년 7월 8일, 흥아해운 (003280),1:04
2021년 7월 7일, 콤텍시스템 (031820),1.206:1
2021년 7월 6일, 에이티세미콘 (089530),1.095:1
2021년 7월 5일, 티앤엘 (340570),2:01
2021년 7월 2일, 에이디칩스 (054630),1.153:1
, 큐브엔터 (182360),1:05
, 특수건설 (026150),1.022:1
2021년 7월 1일, 위즈코프 (038620),1.5:1
2021년 6월 30일, 포시에스 (189690),1.05:1
2021년 6월 28일, 아이진 (185490),1.2:1
2021년 6월 25일, STX (011810),1.089:1
, 앤디포스 (238090),1:2.5
2021년 6월 24일, 씨유메디칼 (115480),1.137:1
2021년 6월 22일, CBI (013720),5:01
, 로보로보 (215100),1.03:1
2021년 6월 18일, 넥스턴 (089140),3:01
2021년 6월 17일, 쌍용정보통신 (010280),1.16:1
, 아세아텍 (050860),1.307:1
, 인텔리안테크 (189300),1.046:1
, 흥아해운 (003280),1:4.47
2021년 6월 16일, 아이윈 (090150),1.28:1
, 에스에너지 (095910),1.06:1
2021년 6월 15일, 알리코제약 (260660),1.5:1
, 엘앤에프 (066970),1.04:1
2021년 6월 14일, 큐브엔터 (182360),1:05
2021년 6월 11일, 위더스제약 (330350),1.5:1
2021년 6월 8일, WestRise (064090),1:10
2021년 6월 7일, 더메디팜 (118000),1.125:1
2021년 6월 4일, 해성옵틱스 (076610),1.241:1
2021년 6월 3일, KC코트렐 (119650),1.069:1
, YM (007530),1.5:1
, 레이 (228670),2:01
, 영화테크 (265560),2:01
2021년 6월 2일, RFHIC (218410),1.025:1
, 보령 (003850),1.022:1
, 세동 (053060),1.114:1
, 애머릿지 (900100),1:05
2021년 6월 1일, 수성 (084180),2:01
2021년 5월 31일, 대유 (290380),1.5:1
2021년 5월 28일, 에코프로 (086520),1:1.2
, 예스24 (053280),1.453:1
2021년 5월 27일, LG (003550),1:1.1
, LG우 (003555),1:1.1
, 디와이디대양 (219550),1:10
2021년 5월 26일, 애드바이오텍 (179530),3:01
2021년 5월 25일, 초록뱀컴퍼니 (052300),1:05
2021년 5월 24일, Equipments Cell (160600),1:10
, 스템랩 (258540),3:01
, 이화전기 (024810),1:10
2021년 5월 21일, F&F홀딩스 (007700),1:1.99
2021년 5월 20일, 쌍용정보통신 (010280),1:01
2021년 5월 14일, 노블엠앤비 (106520),1:05
, 피플바이오 (304840),2:01
2021년 5월 13일, 아이진 (185490),1.099:1
, 에이티세미콘 (089530),1.036:1
, 코스맥스 (192820),1.02:1
2021년 5월 12일, 애머릿지 (900100),1:05
2021년 5월 11일, 위드텍 (348350),2:01
2021년 5월 10일, 쏠리드 (050890),1.028:1
2021년 5월 6일, 에이티세미콘 (089530),1:10
2021년 5월 4일, 덴티스 (261200),1:05
, 디와이디대양 (219550),1:10
, 웹케시 (053580),2:01
2021년 5월 3일, 국전약품 (307750),1.049:1
, 에이트원 (230980),3:01
, 파라텍 (033540),2.5:1
2021년 5월 1일, LG (003550),1:1.1
, 에코프로 (086520),1:1.2
2021년 4월 30일, Equipments Cell (160600),1:10
, 대한해운 (005880),1.073:1
, 미래산업 (025560),1:05
, 쌍용정보통신 (010280),1:02
, 초록뱀컴퍼니 (052300),1:05
2021년 4월 29일, 대한제당 (001790),2:01
, 대한제당우 (001795),2:01
, 판타지오 (032800),1.122:1
2021년 4월 28일, 장원테크 (174880),1:05
, 하나제약 (293480),1.1:1
2021년 4월 26일, 한독크린텍 (256150),2:01
2021년 4월 23일, 노블엠앤비 (106520),1:05
, 씨젠 (096530),2:01
2021년 4월 22일, 우진플라임 (049800),2:01
2021년 4월 21일, 한화시스템 (272210),1.118:1
2021년 4월 20일, 휴맥스 (115160),1.084:1
2021년 4월 19일, 우성 (006980),1:10
2021년 4월 16일, 하이브 (352820),1.01:1
2021년 4월 15일, 에이원알폼 (234070),1:15
, 한국석유 (004090),2:01
2021년 4월 14일, 덴티스 (261200),1:05
, 에이티세미콘 (089530),1:10
2021년 4월 13일, 노블엠앤비 (106520),1:02
, 미래산업 (025560),1:05
, 파라텍 (033540),2.5:1
, 펄어비스 (263750),5:01
2021년 4월 12일, TS인베스트먼트 (246690),1.5:1
, 나노브릭 (286750),2:01
, 장원테크 (174880),1:05
, 카카오 (035720),5:01
, 한국석유 (004090),10:01
2021년 4월 9일, 대한제당 (001790),5:01
, 대한제당우 (001795),5:01
2021년 4월 8일, HD현대 (267250),5:01
, 고영 (098460),5:01
, 세기상사 (002420),10:01
, 제놀루션 (225220),2:01
2021년 4월 7일, 마니커에프앤지 (195500),1.121:1
, 삼일제약 (000520),2:01
, 판타지오 (032800),5:01
2021년 4월 6일, 포인트모바일 (318020),2:01
2021년 4월 5일, Welkeeps Hitech (043590),1:1.33
, 하이스틸 (071090),10:01
2021년 4월 1일, 비피도 (238200),2:01
, 우성 (006980),1:10
, 제일바이오 (052670),2:01
, 크리스탈지노믹스 (083790),1.5:1
2021년 3월 31일, 나무가 (190510),2:01
, 하이스틸 (071090),10:01
2021년 3월 30일, Panacea (058530),1:10
, 유유제약 (000220),2:01
, 유유제약1우 (000225),2:01
, 유유제약2우B (000227),2:01
, 제이브이엠 (054950),2:01
2021년 3월 29일, 올리패스 (244460),1.5:1
2021년 3월 26일, 메디콕스 (054180),1.1:1
, 브레인콘텐츠 (066980),1:10
2021년 3월 25일, 씨티케이코스메틱스 (260930),2:01
, 이엘피 (063760),2:01
2021년 3월 24일, 알테오젠 (196170),1.5:1
2021년 3월 22일, 자이에스앤디 (317400),1.074:1
, 코아시아옵틱스 (196450),1:05
, 하나기술 (299030),2:01
2021년 3월 19일, 와이투솔루션 (011690),1:02
2021년 3월 18일, 황금에스티 (032560),1.143:1
2021년 3월 17일, 이원다이애그노믹스 (245620),2:01
, 화일약품 (061250),3:01
2021년 3월 16일, TS트릴리온 (317240),1.8:1
2021년 3월 15일, HLB (028300),2:01
, Welkeeps Hitech (043590),1:1.33
, 다원시스 (068240),1.036:1
, 에이치엘비생명과학 (067630),2:01
, 화승코퍼레이션 (013520),1:1.38
2021년 3월 11일, Panacea (058530),1:10
, 지누스 (013890),1.1:1
2021년 3월 8일, 아이큐어 (175250),1.2:1
, 티에스아이 (277880),2:01
2021년 3월 5일, 브레인콘텐츠 (066980),1:10
2021년 3월 3일, 엔텔스 (069410),1.5:1
, 엠투아이 (347890),2:01
, 위세아이텍 (065370),1.5:1
2021년 3월 2일, KX (122450),2:01
, 국제약품 (002720),1.05:1
, 동구바이오제약 (006620),3:01
, 코아시아옵틱스 (196450),1:05
2021년 2월 26일, DSC인베스트먼트 (241520),1.5:1
, 멕아이씨에스 (058110),2:01
2021년 2월 25일, 화승코퍼레이션 (013520),1:1.38
2021년 2월 24일, 동양에스텍 (060380),2:01
2021년 2월 18일, 대원제약 (003220),1.05:1
2021년 2월 17일, 에브리봇 (270660),4:01
2021년 2월 16일, 푸른기술 (094940),1.3:1
2021년 2월 9일, 에이에프더블류 (312610),2:01
2021년 2월 8일, 씨에스윈드 (112610),2:01
2021년 2월 1일, 셀리버리 (268600),2:01
, 풍산홀딩스 (005810),1.5:1
2021년 1월 29일, Welkeeps Hitech (043590),1:1.25
, 아우딘퓨쳐스 (227610),2.014:1
2021년 1월 28일, 카페24 (042000),2:01
2021년 1월 27일, KH 필룩스 (033180),1.078:1
2021년 1월 26일, 롯데리츠 (330590),1.027:1
2021년 1월 25일, DL (000210),1:2.25
, DL우 (000215),1:2.25
, ES큐브 (050120),1:10
, 대한항공 (003490),1.29:1
, 대한항공우 (003495),1.29:1
, 유니테크노 (241690),2:01
2021년 1월 22일, 인성정보 (033230),1.2:1
2021년 1월 19일, 제넨바이오 (072520),1.5:1
2021년 1월 18일, 한화솔루션 (009830),1.032:1
, 한화케미칼우 (009835),1.032:1
, 홈센타홀딩스 (060560),1.128:1
2021년 1월 15일, 아시아나항공 (020560),1:03
, 와이투솔루션 (011690),1:02
2021년 1월 14일, 멕아이씨에스 (058110),1.035:1
2021년 1월 13일, 넥스틴 (348210),3:01
2021년 1월 12일, S D (260970),10:01
2021년 1월 7일, ES큐브 (050120),1:10
, 선바이오 (067370),1.5:1
, 오킨스전자 (080580),2:01
, 이지바이오 (353810),5:01
2021년 1월 5일, 일진디스플 (020760),1.067:1
2021년 1월 1일, DL (000210),1:2.25
, DL우 (000215),1:2.25
2020년 12월 30일, 박셀바이오 (323990),2:01
2020년 12월 29일, DI동일 (001530),1.025:1
, JW Pharmaceutical (001067),1.03:1
, JW Pharmaceutical (001065),1.03:1
, JW신약 (067290),1.05:1
, JW중외제약 (001060),1.03:1
, JW홀딩스 (096760),1.03:1
, NHN한국사이버결제 (060250),1.07:1
, TCC스틸 (002710),1.022:1
, 가온미디어 (078890),1.02:1
, 고려제강 (002240),1.15:1
, 나스미디어 (089600),1.1:1
, 노바텍 (285490),2:01
, 도이치모터스 (067990),1.02:1
, 동운아나텍 (094170),1.1:1
, 동일고무벨트 (163560),1.018:1
, 동일기연 (032960),1.03:1
, 리노스 (039980),1.05:1
, 메디톡스 (086900),1.05:1
, 보령 (003850),1.1:1
, 부광약품 (003000),1.1:1
, 비나텍 (126340),1.05:1
, 서린바이오 (038070),1.039:1
, 서부T&D (006730),1.02:1
, 성우테크론 (045300),1.02:1
, 셀트리온 (068270),1.02:1
, 셀트리온제약 (068760),1.02:1
, 셀트리온헬스케어 (091990),1.02:1
, 시큐브 (131090),1.054:1
, 신일제약 (012790),1.03:1
, 아이원스 (114810),2:01
, 알리코제약 (260660),1.05:1
, 에이리츠 (140910),1.112:1
, 에이치시티 (072990),1.01:1
, 에이치엘사이언스 (239610),1.05:1
, 에코프로 (086520),1.02:1
, 엑시콘 (092870),1.01:1
, 오파스넷 (173130),3:01
, 원림 (005820),1.05:1
, 위즈코프 (038620),1.05:1
, 유한양행 (000100),1.05:1
, 유한양행우 (000105),1.05:1
, 이녹스첨단소재 (272290),1.03:1
, 이연제약 (102460),1.02:1
, 이테크건설 (016250),1.3:1
, 인터로조 (119610),1.03:1
, 조이시티 (067000),3:01
, 종근당 (185750),1.05:1
, 케이엠 (083550),1.05:1
, 코맥스 (036690),1.02:1
, 코윈테크 (282880),1.025:1
, 한미사이언스 (008930),1.02:1
, 한미약품 (128940),1.02:1
, 휴온스 (084110),1.05:1
, 휴온스 (243070),1.1:1
2020년 12월 24일, 아시아나항공 (020560),1:03
2020년 12월 22일, 씨에스윈드 (112610),1.054:1
2020년 12월 21일, 이지바이오 (353810),5:01
2020년 12월 14일, Welkeeps Hitech (043590),1:1.25
2020년 12월 9일, 한일홀딩스 (003300),5:01
2020년 12월 8일, 이테크건설 (016250),1:1.77
, 인성정보 (033230),1.086:1
, 포스코퓨처엠 (003670),1.065:1
2020년 12월 7일, 대창단조 (015230),5:01
, 세동 (053060),1:02
2020년 12월 4일, 유비쿼스 (264450),2:01
2020년 12월 3일,  올릭스 (226950),2:01
, 체시스 (033250),1.083:1
2020년 11월 24일, 고려포리머 (009810),1:1.62
, 루켄테크놀러지스 (162120),3:01
2020년 11월 19일, 위메이드맥스 (101730),1.129:1
2020년 11월 18일, 대창단조 (015230),5:01
2020년 11월 17일, 에스트래픽 (234300),1.2:1
2020년 11월 13일, 에스퓨얼셀 (288620),1.026:1
, 티웨이항공 (091810),1.2:1
, 펩트론 (087010),1.052:1
, 헬릭스미스 (084990),1.065:1
2020년 11월 12일, 에치에프알 (230240),1.009:1
, 유바이오로직스 (206650),1.038:1
2020년 11월 11일, 이지바이오 (353810),3:01
2020년 11월 10일, 맥쿼리인프라 (088980),1.002:1
2020년 11월 5일, 렌딩머신 (179720),1:20
, 아센디오 (012170),1:10
2020년 11월 3일, 드림텍 (192650),1.013:1
2020년 10월 30일, 디에이테크놀로지 (196490),1:05
, 세진중공업 (075580),1.5:1
2020년 10월 29일, 시스웍 (269620),3:01
2020년 10월 28일, 디엔에이링크 (127120),1.033:1
, 베노홀딩스 (206400),1:05
, 에이엔피 (015260),1.049:1
2020년 10월 27일, 두산퓨얼셀 (336260),1.019:1
, 두산퓨얼셀1우 (33626K),1.019:1
, 비츠로시스 (054220),1:02
2020년 10월 26일, 그린플러스 (186230),2:01
2020년 10월 23일, CNT85 (056730),1:18
, Human N (032860),1:10
, 고려포리머 (009810),1:02
2020년 10월 22일, 에스와이 (109610),1.15:1
2020년 10월 20일, 렌딩머신 (179720),1:20
, 에어부산 (298690),1.115:1
2020년 10월 19일, 전진바이오팜 (110020),1.085:1
, 티로보틱스 (117730),2:01
2020년 10월 16일, 케이엠제약 (225430),1.05:1
2020년 10월 15일, 두산에너빌리티 (034020),1.089:1
2020년 10월 13일, 아센디오 (012170),1:1.15
2020년 10월 12일, 디에이테크놀로지 (196490),1:05
, 엘앤씨바이오 (290650),3:01
2020년 10월 7일, KD건설 (044180),1:05
2020년 10월 6일, 대한해운 (005880),10:01
, 에이엔피 (015260),1:07
2020년 10월 5일, 인콘 (083640),1:2.5
2020년 9월 29일, 네오펙트 (290660),1.145:1
, 에스트래픽 (234300),1.101:1
2020년 9월 28일, Human N (032860),1:10
, 비엘 (142760),1.145:1
, 팬엔터테인먼트 (068050),2:01
2020년 9월 24일, 코센 (009730),1:05
2020년 9월 23일, CNT85 (056730),1:03
, 엠플러스 (259630),2:01
2020년 9월 22일, 브릿지바이오테라퓨틱스 (288330),3:01
, 태영건설 (009410),1:1.96
, 태영건설우 (009415),1:1.96
2020년 9월 21일, 지나인제약 (078650),1.157:1
2020년 9월 18일, 한진 (002320),1.05:1
2020년 9월 16일, 우리종금 (010050),1.017:1
2020년 9월 15일, 두산테스나 (131970),2:01
, 진에어 (272450),1.112:1
2020년 9월 14일, 아진엑스텍 (059120),1.5:1
2020년 9월 11일, KD건설 (044180),1:05
2020년 9월 10일, 동국제약 (086450),5:01
2020년 9월 9일, 인콘 (083640),1:2.5
2020년 9월 4일, CNT85 (056730),1:06
, 시큐센 (232830),5:01
, 코센 (009730),1:05
2020년 9월 3일, 메디톡스 (086900),1.055:1
2020년 9월 2일, 다이나믹디자인 (145210),1.344:1
, 정다운 (208140),1.16:1
2020년 9월 1일, 아리온 (058220),1:30
2020년 8월 24일, 동국제약 (086450),5:01
2020년 8월 21일, 비비안 (002070),1:4.19
2020년 8월 20일, 에코마케팅 (230360),2:01
2020년 8월 19일, 엘브이엠씨 (900140),1.182:1
2020년 8월 18일, 웨이브일렉트로 (095270),1.091:1
2020년 8월 13일, 마니커 (027740),1.062:1
, 현대이지웰 (090850),2:01
2020년 8월 7일, 한창 (005110),1.276:1
2020년 8월 6일, 솔브레인홀딩스 (036830),1:1.81
2020년 8월 4일, 퓨쳐켐 (220100),1.2:1
2020년 8월 3일, 비비안 (002070),1:05
, 케이엔더블유 (105330),1.222:1
2020년 7월 30일, 와이엠티 (251370),2:01
, 한국유니온제약 (080720),1.082:1
2020년 7월 24일, 에이원알폼 (234070),1:01
2020년 7월 23일, 금호에이치티 (214330),3:01
, 알테오젠 (196170),2:01
2020년 7월 21일, 커머스마이너 (223310),1:20
, 프로테옴텍 (303360),2:01
2020년 7월 20일, 얼라인드 (238120),2:01
, 크루셜텍 (114120),1.123:1
2020년 7월 17일, 유틸렉스 (263050),2:01
2020년 7월 16일, 앱클론 (174900),2:01
, 케어랩스 (263700),2:01
2020년 7월 15일, 비츠로시스 (054220),1:69.98
2020년 7월 8일, 대림제지 (017650),1:05
, 휴젤 (145020),3:01
2020년 7월 6일, 엘앤에프 (066970),1.037:1
2020년 7월 3일, 쌍방울 (102280),1.186:1
, 큐로 (015590),1.4:1
, 크루셜텍 (114120),1:06
2020년 7월 2일, 마이크로디지탈 (305090),2:01
, 미래산업 (025560),1:50
, 현대엘리베이 (017800),1.5:1
2020년 7월 1일, 솔브레인홀딩스 (036830),1:1.81
2020년 6월 30일, 파멥신 (208340),2:01
, 포시에스 (189690),1.05:1
2020년 6월 29일, 씨씨에스 (066790),1:02
, 에스제이그룹 (306040),3:01
, 초록뱀미디어 (047820),1.048:1
2020년 6월 26일, 커머스마이너 (223310),1:20
2020년 6월 25일, 제테마 (216080),2:01
2020년 6월 24일, 오스테오닉 (226400),1.5:1
, 이수화학 (005950),1.104:1
, 힘스 (238490),2:01
2020년 6월 23일, 제주항공 (089590),1.097:1
, 티웨이항공 (091810),1.134:1
, 퓨쳐켐 (220100),1.14:1
2020년 6월 17일, 대림제지 (017650),1:05
, 크루셜텍 (114120),1:06
2020년 6월 16일, CJ CGV (079160),1.102:1
, 레고켐바이오 (141080),2:01
, 세하 (027970),1.177:1
2020년 6월 12일, 미래산업 (025560),1:50
2020년 6월 9일, 엔시트론 (101400),1:05
2020년 6월 8일, 씨씨에스 (066790),1:02
2020년 6월 5일, HLB (028300),1.1:1
, 대한항공 (003490),1.196:1
, 대한항공우 (003495),1.196:1
, 이지홀딩스 (035810),1:1.04
2020년 6월 3일, 디모아 (016670),1.241:1
, 에이디테크놀로지 (200710),1.09:1
2020년 6월 1일, 에이프로젠제약 (003060),1.053:1
2020년 5월 29일, 비디아이 (148140),1.5:1
, 에이루트 (096690),1:05
2020년 5월 27일, 비츠로시스 (054220),1:35
2020년 5월 21일, 대덕 (008060),1:2.73
, 엔시트론 (101400),1:05
2020년 5월 20일, 진원생명과학 (011000),1.094:1
, 케이피에스 (256940),3:01
, 플레이위드 (023770),2:01
2020년 5월 19일, 솔고바이오 (043100),1:2.8
2020년 5월 18일, 웅진씽크빅 (095720),1:1.14
2020년 5월 14일, 명문제약 (017180),1.071:1
2020년 5월 13일, 메드팩토 (235980),2:01
, 키이스트 (054780),1:05
2020년 5월 11일, 비츠로시스 (054220),1:02
2020년 5월 7일, 주연테크 (044380),1:02
2020년 5월 1일, 대덕 (008060),1:2.73
2020년 4월 29일, 에이루트 (096690),1:10
2020년 4월 28일, 솔고바이오 (043100),1:2.8
2020년 4월 23일, 키이스트 (054780),1:05
2020년 4월 22일, 헬릭스미스 (084990),1.25:1
2020년 4월 17일, HLB (028300),1.026:1
, 아이윈플러스 (123010),5:01
2020년 4월 10일, 어반리튬 (073570),5:01
, 주연테크 (044380),1:02
2020년 4월 9일, 유화증권 (003460),5:01
, 유화증권우 (003465),5:01
2020년 4월 8일, 신한알파리츠 (293940),1.006:1
2020년 4월 6일, 칩스앤미디어 (094360),1.3:1
2020년 4월 3일, 유한양행 (000100),5:01
, 유한양행우 (000105),5:01
2020년 4월 1일, 아이윈플러스 (123010),5:01
2020년 3월 24일, 페이퍼코리아 (001020),1:03
2020년 3월 20일, 씨아이테크 (004920),1:03
2020년 3월 19일, 심텍 (222800),1.051:1
2020년 3월 12일, 휴벡셀 (212310),0.180555556
2020년 3월 5일, 아센디오 (012170),1:10
, 일동제약 (249420),1.05:1
, 일동홀딩스 (000230),1.05:1
2020년 3월 4일, 페이퍼코리아 (001020),1:03
2020년 3월 3일, 이씨에스 (067010),2:01
2020년 3월 2일, 모바일어플라이언스 (087260),2:01
, 비케이탑스 (030790),1:25
, 씨아이테크 (004920),1:03
2020년 2월 27일, 알비케이그룹 (215790),1.238:1
2020년 2월 21일, 오리엔트바이오 (002630),1:2.25
, 제노레이 (122310),3:01
2020년 2월 19일, KR모터스 (000040),1:3.24
2020년 2월 17일, EnterPartners (058450),1.103:1
, 대원제약 (003220),1.03:1
2020년 2월 14일, 나무가 (190510),2:01
2020년 2월 12일, 비케이탑스 (030790),1:25
2020년 2월 5일, 오리엔트바이오 (002630),1:2.25
2020년 2월 4일, KR모터스 (000040),1:04
2020년 2월 3일, 비비안 (002070),10:01
2020년 1월 31일, HDC현대산업개발 (294870),1.143:1
, 에스엘바이오닉스 (214310),1:05
2020년 1월 21일, KCC (002380),1:1.19
, 키네마스터 (139670),2:01
2020년 1월 17일, 아이톡시 (052770),1:17.33
2020년 1월 16일, 뿌리깊은나무들 (266170),2:01
2020년 1월 14일, 모트렉스 (118990),1.028:1
2020년 1월 13일, 셀젠텍 (258250),1.005:1
2020년 1월 10일, 에스엘바이오닉스 (214310),1:05
2020년 1월 2일, 위지윅스튜디오 (299900),3:01
2020년 1월 1일, KCC (002380),1:1.19
2019년 12월 27일, DI동일 (001530),1.025:1
, JW Pharmaceutical (001065),1.03:1
, JW Pharmaceutical (001067),1.03:1
, JW중외제약 (001060),1.03:1
, JW홀딩스 (096760),1.03:1
, SK가스 (018670),1.01:1
, TCC스틸 (002710),1.031:1
, 가온미디어 (078890),1.02:1
, 동일고무벨트 (163560),1.022:1
, 동일기연 (032960),1.04:1
, 디바이스이엔지 (187870),1.04:1
, 라이온켐텍 (171120),1.1:1
, 리노스 (039980),1.05:1
, 메디톡스 (086900),1.03:1
, 미래에셋벤처투자 (100790),1.5:1
, 미래컴퍼니 (049950),1.03:1
, 부광약품 (003000),1.05:1
, 비씨월드제약 (200780),1.1:1
, 삼영무역 (002810),1.05:1
, 서린바이오 (038070),1.069:1
, 서부T&D (006730),1.05:1
, 성우테크론 (045300),1.02:1
, 셀트리온 (068270),1.05:1
, 셀트리온제약 (068760),1.05:1
, 셀트리온헬스케어 (091990),1.05:1
, 시큐브 (131090),1.057:1
, 신일제약 (012790),1.4:1
, 에이리츠 (140910),1.032:1
, 에이치시티 (072990),1.008:1
, 엘오티베큠 (083310),1.02:1
, 유한양행 (000100),1.05:1
, 유한양행우 (000105),1.05:1
, 이노메트리 (302430),2:01
, 이녹스첨단소재 (272290),1.03:1
, 인터로조 (119610),1.03:1
, 종근당 (185750),1.05:1
, 종근당바이오 (063160),1.05:1
, 케이엠 (083550),1.015:1
, 케이탑리츠 (145270),1.025:1
, 코맥스 (036690),1.03:1
, 코아시아 (045970),1.04:1
, 코윈테크 (282880),1.015:1
, 한국자산신탁 (123890),1.1:1
, 한미사이언스 (008930),1.02:1
, 한미약품 (128940),1.02:1
, 휴온스 (084110),1.05:1
, 휴온스 (243070),1.1:1
2019년 12월 26일, 오이솔루션 (138080),1.25:1
2019년 12월 24일, 광무 (029480),1:01
2019년 12월 19일, 골드앤에스 (035290),1:10
2019년 12월 16일, 휴벡셀 (212310),1:02
2019년 12월 13일, 한국맥널티 (222980),2:01
2019년 12월 10일, 뉴파워프라즈마 (144960),5:01
, 진원생명과학 (011000),1.13:1
2019년 12월 6일, 경동도시가스 (267290),1.25:1
, 에스알바이오텍 (270210),1.137:1
2019년 12월 5일, 지엘팜텍 (204840),1.063:1
2019년 12월 4일, 골드앤에스 (035290),1:10
2019년 12월 3일, 그린케미칼 (083420),1.204:1
2019년 12월 2일, 세경하이테크 (148150),2:01
2019년 11월 25일, Hysonic (106080),1:22.2
, 뉴파워프라즈마 (144960),5:01
2019년 11월 18일, 모베이스전자 (012860),1.174:1
2019년 11월 13일, 아이톡시 (052770),1:13
2019년 11월 12일, 미래산업 (025560),1.078:1
2019년 11월 11일, 오이솔루션 (138080),1.023:1
2019년 11월 6일, HD현대일렉트릭 (267260),1.195:1
, 대보마그네틱 (290670),2:01
2019년 11월 4일, 아리온 (058220),1:2.5
2019년 11월 1일, 삼보산업 (009620),1.102:1
, 에이디칩스 (054630),1.192:1
, 코스모화학 (005420),1.179:1
2019년 10월 25일, Hysonic (106080),1:7.4
2019년 10월 22일, 상신전자 (263810),1.5:1
, 코드네이처 (078940),1:02
2019년 10월 21일, 지란지교시큐리티 (208350),1:05
, 코스나인 (082660),1.155:1
2019년 10월 18일, 두산 (000150),1:1.1
, 두산2우B (000157),1:1.1
, 두산우 (000155),1:1.1
, 흥국에프엔비 (189980),5:01
2019년 10월 15일, TechL (064520),1:10
2019년 10월 10일, 아리온 (058220),1:2.5
2019년 10월 8일, Hysonic (106080),1:03
, 뉴인텍 (012340),1:2.82
2019년 10월 7일, 골든센츄리 (900280),1.15:1
, 아이톡시 (052770),1:1.33
2019년 10월 4일, 에스엠비나 (299670),5:01
2019년 10월 1일, 두산 (000150),1:1.1
, 좋은사람들 (033340),1.195:1
, 한국캐피탈 (023760),1.121:1
2019년 9월 30일, 녹십자엠에스 (142280),1.216:1
, 드림시큐리티 (203650),1.066:1
, 에스엠비나 (299670),5:01
, 에이디칩스 (054630),1.161:1
2019년 9월 27일, 에스티오 (098660),1.5:1
, 코드네이처 (078940),1:02
, 흥국에프엔비 (189980),5:01
2019년 9월 26일, TechL (064520),1:10
, 지란지교시큐리티 (208350),1:05
2019년 9월 23일, 원익피앤이 (217820),2:01
2019년 9월 20일, 뉴인텍 (012340),1:03
2019년 9월 19일, KG스틸 (016380),1:03
2019년 9월 18일, 대창단조 (015230),1.45:1
2019년 9월 17일, TYM (002900),1.208:1
, 코스모신소재 (005070),1.105:1
2019년 9월 11일, 진로발효 (018120),1:1.14
2019년 9월 6일, Equipments Cell (160600),2:01
2019년 9월 3일, 로지스몬 (223220),5:01
2019년 8월 29일, KG스틸 (016380),1:03
2019년 8월 28일, 콤텍시스템 (031820),1.109:1
2019년 8월 27일, 지티지웰니스 (219750),2:01
2019년 8월 23일, LAT (311060),2:01
2019년 8월 19일, 로지스몬 (223220),5:01
, 코스나인 (082660),1:05
2019년 8월 13일, 헬릭스미스 (084990),1.25:1
2019년 8월 9일, 코이즈 (121850),1.1:1
2019년 8월 7일, SG (255220),3:01
2019년 8월 2일, 콘텐트리중앙 (036420),1:10
2019년 8월 1일, 그리티 (204020),2:01
2019년 7월 30일, 우정바이오 (215380),2:01
, 펌텍코리아 (251970),6.586:1
2019년 7월 29일, 로지스몬 (223220),1:10
, 코스나인 (082660),1:05
2019년 7월 25일, KD건설 (044180),1:05
2019년 7월 22일, 손오공 (066910),1.047:1
, 씨큐브 (101240),1.3:1
2019년 7월 19일, 엘리비젼 (276240),2:01
, 우정바이오 (215380),1:05
2019년 7월 18일, 네이처셀 (007390),1.047:1
, 콘텐트리중앙 (036420),1:10
2019년 7월 15일, TechL (064520),1:05
, 덕우전자 (263600),2:01
2019년 7월 12일, 크로넥스 (215570),3:01
2019년 7월 11일, 코미팜 (041960),1.1:1
2019년 7월 5일, 프로텍 (053610),1.07:1
2019년 7월 4일, 디아이씨 (092200),1.153:1
, 상상인 (038540),1.206:1
, 앤씨앤 (092600),1.131:1
2019년 7월 3일, 상보 (027580),1.113:1
2019년 7월 1일, 자연과환경 (043910),1.124:1
, 코이즈 (121850),1.077:1
2019년 6월 28일, 푸드웰 (005670),1.25:1
, 헬릭스미스 (084990),1.019:1
, 휴네시온 (290270),2:01
2019년 6월 27일, TechL (064520),1:05
, 일진다이아 (081000),1.036:1
, 평화산업 (090080),1.11:1
, 포시에스 (189690),1.05:1
2019년 6월 24일, 흥아해운 (003280),1:1.98
2019년 6월 19일, 씨앤에스링크 (245450),1.519:1
, 에이프로젠제약 (003060),1.211:1
2019년 6월 13일, CMG제약 (058820),1.049:1
2019년 6월 5일, 로스웰 (900260),1.125:1
, 엑트로 (290740),2:01
2019년 6월 4일, 브이원텍 (251630),2:01
, 흥아해운 (003280),1:2.13
2019년 5월 30일, 썸에이지 (208640),1.073:1
2019년 5월 28일, SV인베스트먼트 (289080),2:01
2019년 5월 24일, 한솔테크닉스 (004710),1.086:1
2019년 5월 23일, 인콘 (083640),1:02
2019년 5월 21일, HJ중공업 (097230),1:05
2019년 5월 20일, SGA (049470),1:02
, 삼보산업 (009620),5:01
2019년 5월 17일, 미래아이앤지 (007120),1.25:1
, 에이루트 (096690),1:10
, 에치에프알 (230240),1:05
2019년 5월 16일, 유니포인트 (121060),10:01
2019년 5월 15일, 베뉴지 (019010),10:01
, 화천기계 (010660),10:01
2019년 5월 14일, 국동 (005320),1.175:1
, 드림텍 (192650),2:01
, 한솔홀딩스 (004150),1.02:1
2019년 5월 10일, 케이엠더블유 (032500),2:01
, 피에스케이 (031980),1:3.65
2019년 5월 8일, 대동금속 (020400),5:01
2019년 5월 7일, 금강공업 (014280),5:01
, 금강공업우 (014285),5:01
, 쿠쿠홈시스 (284740),5:01
, 풀무원홀딩스 (017810),10:01
, 피엔티 (137400),2:01
2019년 5월 3일, 국보 (001140),10:01
, 롯데칠성 (005300),10:01
, 롯데칠성우 (005305),10:01
2019년 5월 2일, 삼부토건 (001470),5:01
, 아이에이 (038880),5:01
2019년 4월 30일, HJ중공업 (097230),1:05
, 금강공업 (014280),5:01
, 금강공업우 (014285),5:01
, 나이벡 (138610),1.149:1
, 대동금속 (020400),5:01
, 미래아이앤지 (007120),1.25:1
, 쿠쿠홈시스 (284740),5:01
, 풀무원홀딩스 (017810),10:01
2019년 4월 26일, 삼보산업 (009620),5:01
, 삼부토건 (001470),5:01
, 아이에이 (038880),5:01
, 에이루트 (096690),1:10
, 유니포인트 (121060),10:01
2019년 4월 25일, SGA (049470),1:02
2019년 4월 24일, 대동기어 (008830),10:01
, 화천기계 (010660),10:01
2019년 4월 23일, Diac Co (078590),2.5:1
, 앤디포스 (238090),2.5:1
2019년 4월 22일, 한국가구 (004590),5:01
2019년 4월 19일, 장원테크 (174880),5:01
, 한일철강 (002220),10:01
2019년 4월 17일, 아스트 (067390),1.097:1
2019년 4월 5일, Diac Co (078590),2.5:1
2019년 4월 4일, 앤디포스 (238090),2.5:1
2019년 3월 29일, 메디포스트 (078160),2:01
, 미원상사 (002840),6.497:1
2019년 3월 28일, 삼보판지 (023600),1.1:1
, 피에스케이 (031980),1:3.65
2019년 3월 27일, 두산에너빌리티 (034020),1.159:1
2019년 3월 26일, 모다이노칩 (080420),2:01
, 파인텍 (131760),1.577:1
2019년 3월 22일, 에이치시티 (072990),1.5:1
2019년 3월 4일, 동남합성 (023450),2.742:1
2019년 2월 15일, 초록뱀이앤엠 (131100),5:01
, 해성옵틱스 (076610),1.173:1
2019년 2월 13일, 쎄트렉아이 (099320),2:01
2019년 2월 11일, 대원제약 (003220),1.03:1
2019년 2월 1일, 상상인인더스트리 (101000),1:17.33
2019년 1월 31일, 라이온켐텍 (171120),1.2:1
, 버킷스튜디오 (066410),1.135:1
, 비츠로셀 (082920),1.1:1
2019년 1월 28일, 초록뱀이앤엠 (131100),5:01
2019년 1월 25일, 화성밸브 (039610),1.3:1
2019년 1월 24일, 방림 (003610),10:01
2019년 1월 15일, 비덴트 (121800),1.1:1
2019년 1월 11일, 골프존데카 (183410),1:2.86
2019년 1월 10일, 버킷스튜디오 (066410),1:05
, 인트론바이오 (048530),2:01
2019년 1월 9일, 글로벌텍스프리 (204620),2:01
2019년 1월 8일, 씨앤지하이테크 (264660),2:01
, 엠벤처투자 (019590),1:1.97
2019년 1월 3일, 우진비앤지 (018620),1.148:1
2018년 12월 27일, CJ우 (001045),1.15:1
, DI동일 (001530),1.025:1
, DRB동일 (004840),1.024:1
, ISC (095340),1.02:1
, JW Pharmaceutical (001067),1.02:1
, JW Pharmaceutical (001065),1.02:1
, JW중외제약 (001060),1.02:1
, JW홀딩스 (096760),1.02:1
, NHN한국사이버결제 (060250),1.05:1
, SK가스 (018670),1.01:1
, SNT에너지 (100840),1.03:1
, SNT중공업 (003570),1.03:1
, STX중공업 (071970),1:08
, 국제약품 (002720),1.02:1
, 다날 (064260),1.1:1
, 동운아나텍 (094170),1.1:1
, 동일고무벨트 (163560),1.027:1
, 동일기연 (032960),1.04:1
, 동화기업 (025900),1.5:1
, 리노스 (039980),1.05:1
, 메디톡스 (086900),1.03:1
, 미래컴퍼니 (049950),1.04:1
, 부광약품 (003000),1.3:1
, 삼영무역 (002810),1.07:1
, 상신전자 (263810),1.17:1
, 서린바이오 (038070),1.058:1
, 서부T&D (006730),1.07:1
, 성우테크론 (045300),1.02:1
, 세코닉스 (053450),1.05:1
, 셀트리온 (068270),1.02:1
, 셀트리온헬스케어 (091990),1.02:1
, 시큐브 (131090),1.061:1
, 앤디포스 (238090),1.015:1
, 엘브이엠씨 (900140),1.07:1
, 영우디에스피 (143540),1.32:1
, 위스컴 (024070),1.02:1
, 위즈코프 (038620),1.05:1
, 유한양행 (000100),1.05:1
, 유한양행우 (000105),1.05:1
, 이녹스첨단소재 (272290),1.03:1
, 인터로조 (119610),1.03:1
, 일동제약 (249420),1.05:1
, 일동홀딩스 (000230),1.05:1
, 종근당 (185750),1.05:1
, 케이엠 (083550),1.015:1
, 케이탑리츠 (145270),1.02:1
, 코맥스 (036690),1.02:1
, 코미팜 (041960),1.05:1
, 파라텍 (033540),1.009:1
, 프럼파스트 (035200),1.1:1
, 한국자산신탁 (123890),1.1:1
, 한미사이언스 (008930),1.02:1
, 한미약품 (128940),1.02:1
, 휴메딕스 (200670),1.07:1
, 휴온스 (243070),1.1:1
, 휴온스 (084110),1.05:1
2018년 12월 21일, 상상인인더스트리 (101000),1:1.33
, 케이에스피 (073010),1:3.5
, 형지엘리트 (093240),1.157:1
2018년 12월 20일, 골프존데카 (183410),1:2.86
, 버킷스튜디오 (066410),1:05
2018년 12월 19일, 엠벤처투자 (019590),1:1.97
2018년 12월 14일, 서진시스템 (178320),2:01
, 신한알파리츠 (293940),1.012:1
2018년 12월 12일, 오리엔트바이오 (002630),1.042:1
2018년 12월 7일, 수젠텍 (253840),2:01
, 화성밸브 (039610),1.026:1
2018년 12월 4일, 현대미포조선 (010620),2:01
2018년 12월 3일, 웅진씽크빅 (095720),1.239:1
, 중앙에너비스 (000440),5:01
2018년 11월 23일, HD현대일렉트릭 (267260),2:01
, 케이에스피 (073010),1:3.5
2018년 11월 19일, STX중공업 (071970),1:08
, 디지캡 (197140),2:01
, 현대건설기계 (267270),2:01
2018년 11월 16일, 상신전자 (263810),2:01
2018년 11월 8일, 유티아이 (179900),3:01
, 재영솔루텍 (049630),1.081:1
2018년 11월 7일, 크루셜텍 (114120),1.114:1
2018년 11월 6일, Hysonic (106080),1:05
2018년 11월 5일, 동양철관 (008970),1.101:1
2018년 10월 31일, 감성코퍼레이션 (036620),1.053:1
, 디에이테크놀로지 (196490),5:01
2018년 10월 29일, SK증권 (001510),1.067:1
, SK증권우 (001515),1.067:1
, 아이크래프트 (052460),2:01
, 엔지스테크널러지 (208860),3:01
2018년 10월 25일, 비디아이 (148140),1.5:1
, 엠씨넥스 (097520),1.5:1
2018년 10월 24일, 서전기전 (189860),2:01
2018년 10월 22일, 케이엠더블유 (032500),1.035:1
2018년 10월 17일, Hysonic (106080),1:05
, 에이스침대 (003800),5:01
2018년 10월 15일, TechL (064520),1.114:1
2018년 10월 10일, 인콘 (083640),5:01
2018년 10월 8일, NAVER (035420),5:01
2018년 10월 5일, 세아제강지주 (003030),1:1.9
2018년 9월 28일, 원익머트리얼즈 (104830),2:01
, 제주은행 (006220),1.008:1
, 한솔로지스틱스 (009180),1.179:1
2018년 9월 27일, EnterPartners (058450),1.224:1
2018년 9월 20일, 피제이전자 (006140),1.5:1
2018년 9월 14일, 지노믹트리 (228760),2:01
, 티사이언티픽 (057680),1.139:1
2018년 9월 10일, 웹스 (196700),2:01
2018년 9월 7일, 경창산업 (024910),1.5:1
2018년 9월 4일, KH 일렉트론 (111870),5:01
2018년 9월 3일, KBio Company (038530),1.376:1
, 특수건설 (026150),1.136:1
2018년 8월 31일, 롯데관광개발 (032350),1.105:1
, 에이치엘비생명과학 (067630),1.058:1
, 인콘 (083640),5:01
2018년 8월 28일, 선익시스템 (171090),1.5:1
2018년 8월 27일, 웹스 (196700),2:01
2018년 8월 24일, 대창솔루션 (096350),5:01
2018년 8월 23일, 두올 (016740),1.5:1
2018년 8월 17일, 모트렉스 (118990),5:01
2018년 8월 16일, 메가스터디교육 (215200),5:01
2018년 8월 8일, 와이엠씨 (155650),2:01
2018년 8월 6일, 한일홀딩스 (003300),1:2.22
2018년 8월 3일, Welkeeps Hitech (043590),1.193:1
, 대창솔루션 (096350),5:01
2018년 8월 2일, 이루온 (065440),1.199:1
2018년 8월 1일, 구영테크 (053270),1.055:1
, 오공 (045060),1.125:1
2018년 7월 26일, 경창산업 (024910),1.086:1
2018년 7월 25일, 코디 (080530),1:02
, 펩트론 (087010),2:01
2018년 7월 24일, 진매트릭스 (109820),1.5:1
2018년 7월 18일, 중앙백신 (072020),1.2:1
, 콘텐트리중앙 (036420),1.052:1
2018년 7월 17일, 세원 (234100),5:01
2018년 7월 16일, 오리엔트정공 (065500),1.119:1
2018년 7월 13일, 효성 (004800),1:2.55
2018년 7월 11일, 테고사이언스 (191420),2:01
2018년 7월 10일, 크리스탈지노믹스 (083790),1.3:1
2018년 7월 6일, 쌍용C&E (003410),5:01
, 코디 (080530),1:02
2018년 7월 5일, 지니언스 (263860),2:01
2018년 6월 29일, 세원 (234100),5:01
2018년 6월 28일, 포시에스 (189690),1.05:1
2018년 6월 27일, 아스타 (246720),1.057:1
2018년 6월 26일, 솔고바이오 (043100),1.061:1
2018년 6월 19일, HSD엔진 (082740),1:2.11
, 서진시스템 (178320),1.089:1
2018년 6월 18일, 메가스터디 (072870),3:01
2018년 6월 15일, 강스템바이오텍 (217730),1.058:1
, 에이프로젠 H&G (109960),2:01
2018년 6월 14일, SK Oceanplant (100090),1.093:1
, 이엠넷 (123570),2:01
, 하나머티리얼즈 (166090),2:01
2018년 6월 12일, HDC (012630),1:2.4
, 동운아나텍 (094170),2:01
2018년 6월 8일, 뉴프렉스 (085670),1.5:1
, 화승엔터프라이즈 (241590),2:01
2018년 6월 5일, HSD엔진 (082740),1:2.11
2018년 6월 1일, 중앙백신 (072020),1.031:1
2018년 5월 30일, 필옵틱스 (161580),3:01
, 효성 (004800),1:2.55
2018년 5월 28일, 코세스 (089890),2:01
2018년 5월 25일, 아이오케이 (078860),1:05
2018년 5월 24일, 알비케이그룹 (215790),1:05
2018년 5월 21일, 글로벌텍스프리 (204620),1:05
, 아이엠 (101390),1.168:1
, 크루셜텍 (114120),1:02
2018년 5월 17일, 아난티 (025980),5:01
2018년 5월 16일, 대성미생물 (036480),10:01
, 상신이디피 (091580),1.027:1
, 코스모신소재 (005070),1:01
2018년 5월 15일, 경동제약 (011040),2:01
, 나노 (187790),1.122:1
, 크리스탈지노믹스 (083790),1.018:1
, 휴온스 (243070),1.2:1
2018년 5월 14일, 디젠스 (113810),1.113:1
, 부산주공 (005030),1.107:1
, 한국테크놀로지 (053590),1.07:1
2018년 5월 10일, 인트로메딕 (150840),2:01
2018년 5월 9일, 넥슨게임즈 (225570),1:05
, 성우하이텍 (015750),1.05:1
2018년 5월 4일, 삼성전자 (005930),50:01:00
, 삼성전자우 (005935),50:01:00
, 키스코홀딩스 (001940),5:01
, 한국철강 (104700),5:01
, 한국프랜지 (010100),5:01
2018년 5월 3일, 초록뱀이앤엠 (131100),1:10
, 휠라홀딩스 (081660),5:01
, 흥국 (010240),2:01
2018년 5월 2일, HL만도 (204320),5:01
, 경남스틸 (039240),5:01
, 까뮤이앤씨 (013700),10:01
, 삼성제약 (001360),1.092:1
, 알비케이그룹 (215790),1:05
, 와이어블 (065530),10:01
2018년 5월 1일, HDC (012630),1:2.4
2018년 4월 30일, 글로벌텍스프리 (204620),1:05
, 비플라이소프트 (148780),5:01
, 삼성전자 (005930),50:01:00
, 삼성전자우 (005935),50:01:00
, 아난티 (025980),5:01
, 크루셜텍 (114120),1:02
, 키스코홀딩스 (001940),5:01
, 한국철강 (104700),5:01
, 한국프랜지 (010100),5:01
2018년 4월 27일, Dx Vx (180400),3:01
, 아이오케이 (078860),1:05
2018년 4월 25일, 대성미생물 (036480),10:01
, 보령 (003850),5:01
, 코스메카코리아 (241710),2:01
, 한익스프레스 (014130),10:01
2018년 4월 23일, KX (122450),1.5:1
, 한국가구 (004590),2:01
, 효성오앤비 (097870),1.5:1
2018년 4월 20일, JW생명과학 (234080),2:01
, 경동제약 (011040),2:01
, 넥슨게임즈 (225570),1:05
2018년 4월 19일, 대한광통신 (010170),1.037:1
2018년 4월 17일, 엠에스씨 (009780),2:01
2018년 4월 13일, 경남스틸 (039240),5:01
2018년 4월 11일, 제일약품 (271980),1.4:1
2018년 4월 10일, 오성첨단소재 (052420),1.11:1
2018년 4월 9일, 동양고속 (084670),1.2:1
2018년 4월 6일, 초록뱀이앤엠 (131100),1:10
2018년 4월 2일, 아미코젠 (092040),2:01
2018년 3월 28일, 삼보판지 (023600),1.05:1
, 에쓰씨엔지니어링 (023960),2:01
2018년 3월 26일, YM (007530),1.255:1
, 텔레칩스 (054450),1.3:1
2018년 3월 20일, 아진산업 (013310),1.3:1
2018년 3월 19일, 갤럭시아머니트리 (094480),1.028:1
, 제노포커스 (187420),2:01
2018년 3월 16일, 모베이스 (101330),1.2:1
2018년 3월 15일, 에스디시스템 (121890),1.5:1
2018년 3월 9일, 씨엔플러스 (115530),5:01
2018년 3월 7일, 삼성중공업 (010140),1.133:1
, 삼성중공우 (010145),1.133:1
2018년 3월 6일, 나노 (187790),1:2.5
2018년 2월 27일, 오성첨단소재 (052420),1:07
2018년 2월 23일, 링크제니시스 (219420),5.092:1
, 에코마케팅 (230360),2:01
, 원익 (032940),1.095:1
2018년 2월 20일, 상상인증권 (001290),1:1.27
2018년 2월 19일, 대원제약 (003220),1.05:1
2018년 2월 17일, 대원제약 (003220),1.05:1
2018년 2월 14일, 씨엔플러스 (115530),5:01
2018년 2월 12일, 나노 (187790),2:01
2018년 2월 8일, 예스티 (122640),2.5:1
2018년 2월 7일, 서플러스글로벌 (140070),2:01
2018년 2월 6일, 우진비앤지 (018620),1.1:1
2018년 2월 5일, 에스티아이 (039440),1.071:1
, 오성첨단소재 (052420),1:07
, 종근당 (185750),1.05:1
2018년 2월 1일, 지티지웰니스 (219750),2.6:1
, 콤텍시스템 (031820),1.136:1
2018년 1월 31일, HD한국조선해양 (009540),1.047:1
, 동원금속 (018500),1.073:1
, 아진산업 (013310),1.187:1
, 큐엠씨 (136660),8:01
2018년 1월 30일, 골든센츄리 (900280),2:01
, 에스디시스템 (121890),1.162:1
2018년 1월 24일, 뉴지랩파마 (214870),2:01
2018년 1월 18일, 대한방직 (001070),5:01
2018년 1월 16일, 한일진공 (123840),1.142:1
2018년 1월 15일, 한일단조 (024740),1.207:1
2018년 1월 12일, KR모터스 (000040),1:1.5
2018년 1월 11일, 쿠쿠홀딩스 (192400),1:1.84
, 큐렉소 (060280),1.034:1
2018년 1월 9일, 에이엔피 (015260),1.192:1
2018년 1월 5일, SK디스커버리 (006120),1:2.07
, SK디스커버리우 (006125),1:2.07
2018년 1월 4일, 유니슨 (018000),1.046:1
2018년 1월 3일, 대한방직 (001070),5:01
, 명문제약 (017180),1.021:1
2017년 12월 27일, DI동일 (001530),1.025:1
, DRB동일 (004840),1.026:1
, ISC (095340),1.02:1
, JW Pharmaceutical (001067),1.02:1
, JW Pharmaceutical (001065),1.02:1
, JW중외제약 (001060),1.02:1
, JW홀딩스 (096760),1.02:1
, KH 필룩스 (033180),1.035:1
, NHN한국사이버결제 (060250),1.1:1
, SGA솔루션즈 (184230),1.05:1
, SK가스 (018670),1.01:1
, SNT에너지 (100840),1.03:1
, SNT홀딩스 (036530),1.03:1
, 고려제강 (002240),1.111:1
, 국제약품 (002720),1.04:1
, 금호전기 (001210),1.01:1
, 기가레인 (049080),1.03:1
, 다날 (064260),1.1:1
, 동양고속 (084670),1.05:1
, 동운아나텍 (094170),1.1:1
, 동일고무벨트 (163560),1.028:1
, 동일기연 (032960),1.05:1
, 리노스 (039980),1.05:1
, 미래컴퍼니 (049950),1.03:1
, 보령메디앙스 (014100),1.036:1
, 부광약품 (003000),1.1:1
, 비씨월드제약 (200780),1.1:1
, 서린바이오 (038070),1.062:1
, 서부T&D (006730),1.1:1
, 성우테크론 (045300),1.03:1
, 세코닉스 (053450),1.03:1
, 셀트리온 (068270),1.02:1
, 셀트리온제약 (068760),1.02:1
, 셀트리온헬스케어 (091990),1.02:1
, 시큐브 (131090),1.064:1
, 신화콘텍 (187270),1.02:1
, 아세아시멘트 (183190),1.017:1
, 에이리츠 (140910),1.013:1
, 엔케이맥스 (182400),2:01
, 엘오티베큠 (083310),1.05:1
, 와이솔 (122990),1.05:1
, 와이엔텍 (067900),1.02:1
, 와이엠티 (251370),2:01
, 와토스코리아 (079000),1.059:1
, 위즈코프 (038620),1.05:1
, 유한양행 (000100),1.05:1
, 유한양행우 (000105),1.05:1
, 이녹스첨단소재 (272290),1.03:1
, 이스트아시아홀딩스 (900110),1.1:1
, 인터로조 (119610),1.02:1
, 일동제약 (249420),1.1:1
, 제닉 (123330),1.01:1
, 케이엠 (083550),1.015:1
, 케이탑리츠 (145270),1.02:1
, 코맥스 (036690),1.02:1
, 코아시아옵틱스 (196450),2.5:1
, 코오롱생명과학 (102940),1.5:1
, 톱텍 (108230),1.02:1
, 파라텍 (033540),1.01:1
, 폴라리스우노 (114630),1.2:1
, 프럼파스트 (035200),1.1:1
, 한국자산신탁 (123890),1.1:1
, 한미사이언스 (008930),1.02:1
, 한미약품 (128940),1.02:1
, 휴메딕스 (200670),1.05:1
, 휴온스 (084110),1.05:1
, 휴온스 (243070),1.1:1
2017년 12월 22일, 우진비앤지 (018620),1.048:1
, 협진 (138360),3:01
2017년 12월 21일, KR모터스 (000040),1:1.57
2017년 12월 20일, RFHIC (218410),1:05
2017년 12월 19일, SBW생명과학 (151910),5:01
, 다이나믹디자인 (145210),2.4:1
, 베노홀딩스 (206400),1.25:1
, 삼화전자 (011230),1:2.42
2017년 12월 15일, STX (011810),1:10
, 골든센츄리 (900280),1.152:1
2017년 12월 14일, 삼보산업 (009620),1.5:1
2017년 12월 11일, 흥아해운 (003280),1.072:1
2017년 12월 8일, BGF (027410),1:1.54
, 코아시아옵틱스 (196450),2.5:1
2017년 12월 7일, 알테오젠 (196170),2:01
2017년 12월 6일, 범양건영 (002410),5:01
2017년 12월 5일, 삼화전자 (011230),1:03
, 제이준코스메틱 (025620),2:01
, 케이씨 (029460),1:2.46
2017년 12월 1일, SK디스커버리 (006120),1:2.07
, 쿠쿠홀딩스 (192400),1:1.84
2017년 11월 30일, RFHIC (218410),1:05
, SBW생명과학 (151910),5:01
, 인콘 (083640),4:01
2017년 11월 29일, DN오토모티브 (007340),1:2.37
, 디앤씨미디어 (263720),3:01
, 이연제약 (102460),1.3:1
2017년 11월 28일, 크루셜텍 (114120),1.134:1
2017년 11월 24일, 제이준코스메틱 (025620),1:05
2017년 11월 23일, STX (011810),1:10
2017년 11월 21일, 아우딘퓨쳐스 (227610),1.703:1
2017년 11월 20일, 서부T&D (006730),1.25:1
2017년 11월 17일, HD현대일렉트릭 (267260),2:01
2017년 11월 16일, 범양건영 (002410),5:01
2017년 11월 15일, 넥스트아이 (137940),5:01
, 어반리튬 (073570),1:05
2017년 11월 14일, HDC랩스 (039570),2:01
, 인크로스 (216050),2.5:1
, 현대건설기계 (267270),2:01
2017년 11월 13일, Panacea (058530),1.146:1
2017년 11월 9일, 지노믹트리 (228760),3:01
2017년 11월 8일, 메디프론 (065650),1.03:1
, 이엠코리아 (095190),1.118:1
, 한국큐빅 (021650),1.117:1
2017년 11월 7일, 베노홀딩스 (206400),1.048:1
, 우리종금 (010050),1.032:1
, 잉크테크 (049550),1.134:1
2017년 11월 3일, 인터플렉스 (051370),1.023:1
2017년 11월 2일, HMM (011200),1.121:1
, 페이퍼코리아 (001020),1.17:1
2017년 11월 1일, 케이씨 (029460),1:2.46
2017년 10월 31일, 아이원스 (114810),1.053:1
, 엠에스오토텍 (123040),1.238:1
, 주연테크 (044380),1.128:1
2017년 10월 30일, 동국실업 (001620),1.185:1
, 롯데쇼핑 (023530),1:1.12
, 롯데지주 (004990),1.76:1
, 롯데칠성 (005300),1:1.55
, 롯데칠성우 (005305),1:1.55
, 윈팩 (097800),1.322:1
2017년 10월 27일, 넥스트아이 (137940),5:01
, 싸이맥스 (160980),1.5:1
, 지엔씨에너지 (119850),2:01
2017년 10월 26일, 어반리튬 (073570),1:05
2017년 10월 25일, 삼보산업 (009620),1.352:1
, 하림 (136480),1.128:1
2017년 10월 23일, Cellfie Global (068940),2.5:1
2017년 10월 20일, 현대약품 (004310),1.028:1
2017년 10월 19일, 이수앱지스 (086890),1.052:1
2017년 10월 17일, 팬스타엔터프라이즈 (054300),1.125:1
2017년 10월 11일, 경동도시가스 (267290),1.5:1
, 서울식품 (004410),25:01:00
, 서울식품우 (004415),25:01:00
2017년 9월 28일, 기가레인 (049080),2:01
, 롯데지주 (004990),2.5:1
, 에이블씨엔씨 (078520),1.041:1
, 진원생명과학 (011000),1.088:1
, 홈센타홀딩스 (060560),2:01
2017년 9월 27일, HD현대일렉트릭 (267260),1.087:1
2017년 9월 26일, Cellfie Global (068940),2.5:1
, 선진 (136490),1.095:1
, 한화손해보험 (000370),1.022:1
2017년 9월 25일, 메타랩스 (090370),1:05
, 현대건설기계 (267270),1.096:1
2017년 9월 22일, 에이디칩스 (054630),1.247:1
2017년 9월 20일, ITX엠투엠 (099520),1.04:1
2017년 9월 19일, CNT85 (056730),1.106:1
2017년 9월 15일, 대창스틸 (140520),1.101:1
2017년 9월 14일, 미래아이앤지 (007120),1.211:1
, 지나인제약 (078650),1.063:1
2017년 9월 13일, 페이퍼코리아 (001020),1:10
2017년 9월 12일, 엔시트론 (101400),5:01
2017년 9월 11일, KD건설 (044180),1.087:1
, 에이비프로바이오 (195990),1:05
2017년 9월 8일, HLB글로벌 (003580),10:01
2017년 9월 7일, 카스 (016920),1.088:1
2017년 9월 6일, 서부T&D (006730),1.018:1
, 싸이맥스 (160980),1.056:1
, 엔피케이 (048830),1.09:1
, 원익큐브 (014190),1.071:1
2017년 9월 5일, 파라텍 (033540),1.5:1
2017년 9월 4일, 메타랩스 (090370),1:05
2017년 9월 1일, 대창스틸 (140520),1.08:1
2017년 8월 31일, 휴림네트웍스 (192410),4:01
2017년 8월 25일, 엔시트론 (101400),5:01
2017년 8월 24일, 상상인증권 (001290),1:1.27
2017년 8월 22일, 위니아딤채 (071460),1.5:1
2017년 8월 21일, 에이비프로바이오 (195990),1:05
2017년 8월 18일, HLB글로벌 (003580),10:01
2017년 8월 17일, 지나인제약 (078650),1.148:1
2017년 8월 16일, KD건설 (044180),1.042:1
2017년 8월 2일, 토박스코리아 (215480),2:01
2017년 7월 31일, 유아이엘 (049520),2:01
2017년 7월 28일, BGF에코머티리얼즈 (126600),2:01
2017년 7월 24일, 롯데에너지머티리얼즈 (020150),1.033:1
2017년 7월 19일, 대창스틸 (140520),1.06:1
2017년 7월 17일, 제일파마 (002620),1:3.42
2017년 7월 14일, 아이쓰리시스템 (214430),2:01
, 오이솔루션 (138080),1.2:1
2017년 7월 11일, THE E&M (089230),5:01
, 미래아이앤지 (007120),1.205:1
2017년 7월 10일, 이녹스 (088390),1:3.32
2017년 7월 7일, 빅솔론 (093190),2:01
, 오리온홀딩스 (001800),3.42:1
2017년 7월 6일, CNT85 (056730),2:01
2017년 6월 29일, 케이피엠테크 (042040),5:01
, 포시에스 (189690),1.05:1
2017년 6월 28일, 비츠로셀 (082920),1.2:1
, 세종텔레콤 (036630),1.184:1
2017년 6월 26일, 코스나인 (082660),1.205:1
2017년 6월 23일, THE E&M (089230),5:01
2017년 6월 22일, 라온테크 (232680),1.5:1
2017년 6월 21일, 모두투어 (080160),1.529:1
, 비에이치 (090460),2:01
, 아미코젠 (092040),1.011:1
2017년 6월 19일, 대창솔루션 (096350),1.191:1
2017년 6월 16일, 덕산네오룩스 (213420),2:01
2017년 6월 14일, 에스에프에이 (056190),2:01
2017년 6월 12일, 크루셜텍 (114120),1.5:1
2017년 6월 9일, Dx Vx (180400),2.5:1
2017년 6월 8일, 케이피엠테크 (042040),5:01
2017년 6월 5일, 매일유업 (005990),1:2.11
2017년 6월 1일, 오리온홀딩스 (001800),10:01
, 이녹스 (088390),1:3.32
2017년 5월 31일, 엔케이 (085310),1.166:1
, 오이솔루션 (138080),1.062:1
2017년 5월 30일, 에스맥 (097780),2:01
2017년 5월 29일, 와이오엠 (066430),1:03
2017년 5월 26일, 대양제지 (006580),10:01
2017년 5월 25일, 셀루메드 (049180),1:10
2017년 5월 24일, 클라우드에어 (036170),1:02
2017년 5월 23일, Hysonic (106080),2.5:1
, Nokwon Commercials Industries (065560),1:04
2017년 5월 22일, 덕신하우징 (090410),5:01
, 미원에스씨 (107590),2.65:1
, 시큐브 (131090),5:01
2017년 5월 18일, 대웅 (003090),5:01
, 일성건설 (013360),10:01
, 화승코퍼레이션 (013520),10:01
2017년 5월 16일, KBio Company (038530),1:10
2017년 5월 15일, 바이오니아 (064550),1.074:1
2017년 5월 12일, 경동가스 (012320),1:1.82
, 국동 (005320),2:01
, 신화콘텍 (187270),1.081:1
2017년 5월 11일, 넵튠 (217270),1:05
, 보락 (002760),5:01
, 신풍제지 (002870),10:01
, 한미반도체 (042700),2.5:1
2017년 5월 10일, HD한국조선해양 (009540),1:1.34
, 국보 (001140),1.206:1
, 커머스마이너 (223310),5:01
, 티비씨 (033830),10:01
2017년 5월 8일, 자연과환경 (043910),1.164:1
2017년 5월 2일, 클라우드에어 (036170),1:02
2017년 5월 1일, 매일유업 (005990),1:2.11
, 미원에스씨 (107590),1:3.77
2017년 4월 28일, 셀루메드 (049180),1:10
, 원익QnC (074600),2:01
2017년 4월 27일, KBio Company (038530),1:10
, Nokwon Commercials Industries (065560),1:04
, 와이오엠 (066430),1:03
2017년 4월 26일, Hysonic (106080),2.5:1
, 대양제지 (006580),10:01
, 대웅 (003090),5:01
, 덕신하우징 (090410),5:01
, 시큐브 (131090),5:01
, 일성건설 (013360),10:01
2017년 4월 25일, 에스맥 (097780),2.5:1
2017년 4월 24일, 넵튠 (217270),1:05
, 화승코퍼레이션 (013520),10:01
2017년 4월 21일, 보락 (002760),5:01
2017년 4월 20일, 티비씨 (033830),10:01
, 헥토이노베이션 (214180),2:01
2017년 4월 19일, 신풍제지 (002870),10:01
, 오르비텍 (046120),1.142:1
2017년 4월 18일, 폴라리스오피스 (041020),1.18:1
2017년 4월 17일, ES큐브 (050120),2:01
, 커머스마이너 (223310),5:01
2017년 4월 14일, 크루셜텍 (114120),1.096:1
2017년 4월 12일, 한미반도체 (042700),2.5:1
2017년 4월 11일, 크라운해태우 (005745),1:1.52
, 크라운해태홀딩스 (005740),1:1.52
2017년 4월 7일, APS홀딩스 (054620),1:2.15
, SK디앤디 (210980),1.5:1
2017년 4월 6일, 에스맥 (097780),2.5:1
2017년 4월 5일, 바디텍메드 (206640),1.1:1
2017년 3월 31일, 유비쿼스홀딩스 (078070),1:1.32
2017년 3월 30일, STX중공업 (071970),1:20
2017년 3월 28일, 감성코퍼레이션 (036620),1.092:1
, 휴림로봇 (090710),2.5:1
2017년 3월 22일, MIT (038340),1:05
2017년 3월 21일, 커머스마이너 (223310),2:01
2017년 3월 17일, 대원산업 (005710),1.1:1
, 유니테크노 (241690),2:01
2017년 3월 16일, 대호특수강 (021040),1.128:1
, 대호특수강우 (021045),1.128:1
, 로체시스템즈 (071280),1.5:1
2017년 3월 15일, Hysonic (106080),2:01
2017년 3월 13일, 엄지하우스 (224810),1.4:1
2017년 3월 7일, 진흥기업 (002780),1:02
, 휴림로봇 (090710),2.5:1
2017년 3월 2일, 루트로닉 (085370),2:01
, 루트로닉3우C (08537M),2:01
, 선진 (136490),2:01
, 티웨이홀딩스 (004870),4:01
2017년 3월 1일, 크라운해태홀딩스 (005740),1:1.52
2017년 2월 28일, 코스맥스엔비티 (222040),2:01
2017년 2월 27일, 아이티센 (124500),1.163:1
, 푸른기술 (094940),1.2:1
2017년 2월 24일, MIT (038340),1:05
, 모베이스 (101330),1.286:1
2017년 2월 23일, 아리온 (058220),2.5:1
2017년 2월 22일, GH신소재 (130500),1.155:1
2017년 2월 16일, 에스와이 (109610),1.5:1
2017년 2월 15일, 한미사이언스 (008930),1.07:1
, 한미약품 (128940),1.07:1
2017년 2월 14일, 케이에스피 (073010),1:03
2017년 2월 9일, 비엘헬스케어 (086220),1.062:1
2017년 2월 7일, STX중공업 (071970),1:10
, 대원제약 (003220),1.03:1
, 셀바스헬스케어 (208370),1:05
2017년 2월 3일, KG모빌리언스 (046440),1.091:1
, 에스엘바이오닉스 (214310),5:01
2017년 1월 31일, 로체시스템즈 (071280),1.071:1
, 삼보모터스 (053700),1.037:1
, 삼성증권 (016360),1.031:1
, 세동 (053060),1.156:1
2017년 1월 26일, 디에스케이 (109740),2:01
2017년 1월 24일, 대한항공 (003490),1.064:1
, 대한항공우 (003495),1.064:1
, 아리온 (058220),2.5:1
2017년 1월 19일, 서산 (079650),50:01:00
2017년 1월 18일, 큐로 (015590),1.069:1
2017년 1월 17일, AJ네트웍스 (095570),5:01
, STX중공업 (071970),1:02
2017년 1월 16일, 셀바스헬스케어 (208370),1:05
, 한화오션 (042660),1:10
2017년 1월 13일, CNT85 (056730),1:06
2017년 1월 12일, 에스엘바이오닉스 (214310),5:01
2017년 1월 11일, KBI메탈 (024840),1:05
, SBW생명과학 (151910),1:05
2017년 1월 5일, 보광산업 (225530),1.5:1
2017년 1월 4일, 서산 (079650),50:01:00
, 파버나인 (177830),2:01
2016년 12월 28일, AJ네트웍스 (095570),5:01
, DI동일 (001530),1.025:1
, DRB동일 (004840),1.027:1
, ISC (095340),1.05:1
, JW Pharmaceutical (001067),1.02:1
, JW Pharmaceutical (001065),1.02:1
, JW중외제약 (001060),1.02:1
, NHN한국사이버결제 (060250),1.07:1
, SK가스 (018670),1.01:1
, 국제약품 (002720),1.05:1
, 네오오토 (212560),1.5:1
, 다날 (064260),1.07:1
, 동양고속 (084670),1.04:1
, 동일고무벨트 (163560),1.03:1
, 동일기연 (032960),1.05:1
, 명문제약 (017180),1.036:1
, 보령 (003850),1.051:1
, 보령메디앙스 (014100),1.037:1
, 부광약품 (003000),1.2:1
, 비씨월드제약 (200780),1.1:1
, 서린바이오 (038070),1.05:1
, 성우테크론 (045300),1.05:1
, 셀트리온 (068270),1.05:1
, 셀트리온제약 (068760),1.05:1
, 에스와이 (109610),1.09:1
, 에스티오 (098660),1.01:1
, 에이블씨엔씨 (078520),1.1:1
, 엘오티베큠 (083310),1.05:1
, 와이솔 (122990),1.05:1
, 와토스코리아 (079000),1.079:1
, 우진비앤지 (018620),1.05:1
, 유한양행 (000100),1.05:1
, 유한양행우 (000105),1.05:1
, 이스트아시아홀딩스 (900110),1.1:1
, 일동제약 (249420),1.1:1
, 제닉 (123330),1.051:1
, 커넥트웨이브 (119860),2:01
, 케이엠 (083550),1.01:1
, 케이탑리츠 (145270),1.02:1
, 켐트로닉스 (089010),1.05:1
, 코맥스 (036690),1.02:1
, 크리스탈신소재 (900250),1.1:1
, 파라텍 (033540),1.007:1
, 파세코 (037070),1.061:1
, 프럼파스트 (035200),1.1:1
, 한국자산신탁 (123890),1.1:1
, 핸즈코퍼레이션 (143210),1.01:1
, 휴림로봇 (090710),2:01
, 휴메딕스 (200670),1.02:1
, 휴온스 (243070),1.05:1
, 휴온스 (084110),1.02:1
2016년 12월 23일, 나노 (187790),1.085:1
, 한화오션 (042660),1:10
2016년 12월 22일, CNT85 (056730),1:06
, KBI메탈 (024840),1:05
2016년 12월 21일, 덱스터 (206560),2:01
2016년 12월 20일, 유니셈 (036200),2:01
2016년 12월 16일, 국일제지 (078130),5:01
2016년 12월 14일, 대주전자재료 (078600),1.2:1
, 에이비프로바이오 (195990),3:01
2016년 12월 12일, 알에프텍 (061040),1.5:1
2016년 12월 7일, SBW생명과학 (151910),1:05
2016년 12월 5일, 영우디에스피 (143540),2:01
2016년 12월 1일, 국일제지 (078130),5:01
2016년 11월 29일, 솔고바이오 (043100),1.095:1
, 파인텍 (131760),1.035:1
2016년 11월 28일, 코디엠 (224060),3:01
2016년 11월 24일, 코디엠 (224060),5:01
2016년 11월 23일, BGF (027410),2:01
2016년 11월 21일, 노브메타파마 (229500),1.35:1
2016년 11월 18일, 토니모리 (214420),1.5:1
2016년 11월 17일, 바른손 (018700),1.032:1
2016년 11월 15일, 한국정보인증 (053300),1.052:1
2016년 11월 11일, 에이디테크놀로지 (200710),2:01
, 인탑스 (049070),2:01
2016년 11월 10일, 흥아해운 (003280),1.043:1
2016년 11월 9일, 코스맥스 (192820),1.026:1
, 풍국주정 (023900),1.5:1
2016년 11월 8일, 에이루트 (096690),1.122:1
2016년 11월 7일, 상상인인더스트리 (101000),2:01
, 소니드 (060230),1.203:1
, 에이비프로바이오 (195990),5:01
2016년 11월 4일, 대성파인텍 (104040),5:01
, 동부건설 (005960),1:1.29
, 동부건설우 (005965),1:1.29
2016년 11월 3일, 넥스턴 (089140),1.452:1
, 코디엠 (224060),5:01
2016년 11월 1일, 메타랩스 (090370),1.114:1
2016년 10월 31일, 아이엠 (101390),1.024:1
, 에코프로 (086520),1.023:1
2016년 10월 28일, 경방 (000050),10:01
, 대주전자재료 (078600),1.043:1
, 루트로닉 (085370),1.017:1
, 루트로닉3우C (08537M),1.01:1
, 쏠리드 (050890),1.122:1
2016년 10월 27일, 네이블 (153460),1.071:1
2016년 10월 26일, 아리온 (058220),2:01
, 한일사료 (005860),1.049:1
2016년 10월 25일, 유니트론텍 (142210),3:01
2016년 10월 20일, 대성파인텍 (104040),5:01
, 에이비프로바이오 (195990),5:01
, 인터플렉스 (051370),1.062:1
2016년 10월 19일, HLB글로벌 (003580),1:05
2016년 10월 11일, 경방 (000050),10:01
2016년 10월 7일, 와이엔텍 (067900),1.044:1
2016년 10월 4일, KSS해운 (044450),2:01
2016년 9월 30일, 삼성중공업 (010140),1.152:1
, 삼성중공우 (010145),1.152:1
, 지나인제약 (078650),1.066:1
2016년 9월 29일, HLB글로벌 (003580),1:05
, 보광산업 (225530),2:01
2016년 9월 28일, 동부건설 (005960),1:2.09
, 동부건설우 (005965),1:1.29
2016년 9월 26일, CMG제약 (058820),1.059:1
, 동방 (004140),1.134:1
2016년 9월 23일, 코스나인 (082660),1.153:1
, 한솔PNS (010420),1:1.35
2016년 9월 22일, 베셀 (177350),2:01
, 페이퍼코리아 (001020),1.082:1
2016년 9월 20일, 넥스턴 (089140),1.07:1
2016년 9월 19일, 한국특강 (007280),1:2.07
2016년 9월 13일, 에스엠벡셀 (010580),1.151:1
2016년 9월 12일, 아이에이 (038880),1.028:1
, 에스엘바이오닉스 (214310),1.5:1
2016년 9월 9일, 다원시스 (068240),1.5:1
2016년 9월 7일, 마니커 (027740),1.104:1
, 텔콘RF제약 (200230),5:01
2016년 9월 6일, 애경케미칼 (161000),10:01
2016년 9월 5일, 헬릭스미스 (084990),1.025:1
2016년 9월 1일, 백금T&A (046310),1.071:1
2016년 8월 31일, 이루온 (065440),1.097:1
, 일동홀딩스 (000230),1:3.47
2016년 8월 26일, 에이루트 (096690),5:01
2016년 8월 22일, 롯데관광개발 (032350),1.5:1
2016년 8월 16일, 애경케미칼 (161000),10:01
2016년 8월 12일, 텔콘RF제약 (200230),5:01
2016년 8월 11일, 이엠넷 (123570),2:01
2016년 8월 10일, 고려포리머 (009810),1.215:1
, 에이루트 (096690),5:01
2016년 8월 9일, 샘표 (007540),1:2.06
2016년 8월 8일, 아이티센 (124500),2:01
, 한화투자증권 (003530),1.159:1
, 한화투자증권우 (003535),1.159:1
2016년 8월 3일, 대림제지 (017650),5:01
, 제이엔케이히터 (126880),1.3:1
2016년 7월 29일, 하이드로리튬 (101670),2.5:1
2016년 7월 27일, 에스와이 (109610),2:01
2016년 7월 19일, 대림제지 (017650),5:01
2016년 7월 18일, 삼성제약 (001360),1.086:1
2016년 7월 13일, 하이드로리튬 (101670),2.5:1
2016년 7월 12일, VT GMP (018290),1.608:1
2016년 7월 11일, 텔콘RF제약 (200230),2:01
2016년 7월 4일, 보성파워텍 (006910),1.07:1
, 제룡산업 (147830),1.261:1
2016년 6월 29일, 비츠로셀 (082920),1.1:1
, 삼목에스폼 (018310),1.103:1
, 씨케이에이치 (900120),1.05:1
, 우수AMS (066590),1.113:1
, 포시에스 (189690),1.05:1
2016년 6월 27일, 에스에이엠티 (031330),1.046:1
2016년 6월 22일, 제이엔케이히터 (126880),1.117:1
, 한솔제지 (213500),1.037:1
2016년 6월 21일, 미래산업 (025560),1.049:1
2016년 6월 17일, 뉴인텍 (012340),1.07:1
, 케이씨피드 (025880),1.093:1
2016년 6월 16일, 다날 (064260),1.5:1
2016년 6월 15일, 랩지노믹스 (084650),2:01
2016년 6월 14일, 에이루트 (096690),2:01
2016년 6월 13일, 에코바이오 (038870),1.037:1
2016년 6월 10일, 톱텍 (108230),2:01
2016년 6월 3일, 상보 (027580),1.053:1
, 휴온스 (084110),1:2.07
2016년 6월 2일, KEC (092220),1.14:1
2016년 6월 1일, 명문제약 (017180),1.064:1
2016년 5월 25일, KG스틸 (016380),1:04
, 쌍용C&E (003410),1.011:1
, 아이오케이 (078860),5:01
2016년 5월 23일, 와이제이엠게임즈 (193250),5:01
, 제이준코스메틱 (025620),1:03
, 젬백스링크 (064800),5:01
2016년 5월 20일, 넥센 (005720),10:01
, 넥센우 (005725),10:01
, 상상인 (038540),1:02
2016년 5월 18일, DB (012030),10:01
, 광림 (014200),2:01
, 엠에스씨 (009780),10:01
2016년 5월 17일, 롯데지주 (004990),10:01
, 크라운해태우 (005745),10:01
, 크라운해태홀딩스 (005740),10:01
2016년 5월 16일, 극동유화 (014530),10:01
, 위메이드플레이 (123420),1:3.33
2016년 5월 13일, 삼부토건 (001470),1:10
, 성보화학 (003080),10:01
, 액션스퀘어 (205500),1:05
, 에너토크 (019990),1.048:1
, 이랜텍 (054210),1.042:1
2016년 5월 11일, KC코트렐 (119650),1.083:1
, 성창기업지주 (000180),10:01
2016년 5월 10일, 위메이드플레이 (123420),1.5:1
2016년 5월 9일, HMM (011200),1:07
2016년 5월 4일, KD건설 (044180),1.109:1
2016년 5월 3일, 오리엔트정공 (065500),1.385:1
, 코오롱플라스틱 (138490),1.045:1
, 투비소프트 (079970),1.3:1
2016년 5월 2일, TYM (002900),10:01
, 원익홀딩스 (030530),1:2.05
, 제이준코스메틱 (025620),1:03
, 코오롱생명과학 (102940),1.029:1
2016년 4월 29일, Human N (032860),1.546:1
, KG스틸 (016380),1:04
, 광림 (014200),2:01
, 아이오케이 (078860),5:01
, 와이제이엠게임즈 (193250),5:01
, 젬백스링크 (064800),5:01
2016년 4월 28일, KNN (058400),10:01
2016년 4월 27일, 극동유화 (014530),10:01
, 넥센 (005720),10:01
, 넥센우 (005725),10:01
, 롯데지주 (004990),10:01
, 상상인 (038540),1:02
, 엠에스씨 (009780),10:01
, 위메이드플레이 (123420),1:05
, 크라운해태우 (005745),10:01
, 크라운해태홀딩스 (005740),10:01
, 한진칼 (180640),1.022:1
2016년 4월 26일, 시너지이노베이션 (048870),1:04
, 잇츠한불 (226320),2:01
, 파루 (043200),1.19:1
2016년 4월 25일, 액션스퀘어 (205500),1:05
2016년 4월 21일, 서원 (021050),1.196:1
, 성보화학 (003080),10:01
2016년 4월 20일, HMM (011200),1:07
, 다날 (064260),1.097:1
2016년 4월 19일, GS 글로벌 (001250),1.406:1
2016년 4월 15일, 성창기업지주 (000180),10:01
2016년 4월 14일, TYM (002900),10:01
, 테스 (095610),1.5:1
2016년 4월 12일, 씨유메디칼 (115480),2:01
, 에이치엘비제약 (047920),1.5:1
2016년 4월 8일, KNN (058400),10:01
2016년 4월 1일, 신라섬유 (001000),5:01
2016년 3월 30일, 신성이엔지 (011930),1.088:1
2016년 3월 23일, VT GMP (018290),1:05
2016년 3월 18일, 비츠로셀 (082920),1.1:1
, 시너지이노베이션 (048870),1:04
2016년 3월 15일, 신라섬유 (001000),5:01
2016년 3월 7일, DGP (060900),5:01
2016년 3월 4일, 셀루메드 (049180),5:01
2016년 3월 3일, 다스코 (058730),1.045:1
2016년 3월 2일, 삼부토건 (001470),1:05
, 제넥신 (095700),2:01
2016년 2월 29일, 테스 (095610),1.033:1
2016년 2월 25일, Human N (032860),1:20
, VT GMP (018290),1:05
2016년 2월 18일, DGP (060900),5:01
, IlWoul GML (178780),2:01
, 대원제약 (003220),1.03:1
, 세종텔레콤 (036630),1.134:1
2016년 2월 16일, 한온시스템 (018880),5:01
2016년 2월 15일, 셀루메드 (049180),5:01
2016년 2월 12일, 바디텍메드 (206640),1:10
2016년 2월 11일, 메디아나 (041920),1.2:1
2016년 2월 5일, 남광토건 (001260),1:05
, 슈프리마에이치큐 (094840),1:1.93
2016년 1월 22일, 한온시스템 (018880),5:01
2016년 1월 21일, 바디텍메드 (206640),1:10
2016년 1월 19일, 율호 (072770),1.253:1
, 큐로 (015590),1.089:1
2016년 1월 15일, 콜마비앤에이치 (200130),2:01
2016년 1월 8일, VT GMP (018290),1:03
2016년 1월 6일, 대양금속 (009190),1:05
2015년 12월 29일, DI동일 (001530),1.025:1
, DRB동일 (004840),1.029:1
, ISC (095340),1.005:1
, JW Pharmaceutical (001067),1.05:1
, JW Pharmaceutical (001065),1.05:1
, JW중외제약 (001060),1.05:1
, JW홀딩스 (096760),1.02:1
, SK가스 (018670),1.01:1
, SNT홀딩스 (036530),1.03:1
, SUN&L (002820),1.015:1
, 글로벌에스엠 (900070),1.15:1
, 동일고무벨트 (163560),1.032:1
, 동일기연 (032960),1.05:1
, 명문제약 (017180),1.034:1
, 무학 (033920),1.015:1
, 보령 (003850),1.05:1
, 보령메디앙스 (014100),1.019:1
, 부광약품 (003000),1.1:1
, 삼성엔지니어링 (028050),1.604:1
, 서린바이오 (038070),1.053:1
, 성우테크론 (045300),1.05:1
, 셀트리온 (068270),1.03:1
, 셀트리온제약 (068760),1.03:1
, 시큐브 (131090),1.107:1
, 에스엔유 (080000),1.056:1
, 에이블씨엔씨 (078520),1.1:1
, 엘오티베큠 (083310),1.05:1
, 와이솔 (122990),1.05:1
, 와이엔텍 (067900),1.02:1
, 와토스코리아 (079000),1.105:1
, 우진비앤지 (018620),1.1:1
, 유진테크 (084370),1.025:1
, 이스트아시아홀딩스 (900110),1.1:1
, 제닉 (123330),1.049:1
, 칩스앤미디어 (094360),2:01
, 케이탑리츠 (145270),1.03:1
, 켐트로닉스 (089010),1.1:1
, 코맥스 (036690),1.02:1
, 테스 (095610),1.02:1
, 파라텍 (033540),1.009:1
, 푸른기술 (094940),1.5:1
, 프럼파스트 (035200),1.2:1
, 한미사이언스 (008930),1.02:1
, 한미약품 (128940),1.02:1
2015년 12월 24일, 코데즈컴바인 (047770),0.180555556
2015년 12월 21일, 남광토건 (001260),1:05
2015년 12월 18일, 대양금속 (009190),1:05
, 틸론 (217880),1.5:1
2015년 12월 17일, VT GMP (018290),1:03
, 우리이앤엘 (153490),1.131:1
2015년 12월 14일, 메이슨캐피탈 (021880),2:01
2015년 12월 10일, 모베이스 (101330),1.201:1
2015년 12월 9일, 더메디팜 (118000),1.159:1
2015년 12월 4일, BNK금융지주 (138930),1.041:1
2015년 12월 2일, 에이비프로바이오 (195990),2:01
2015년 12월 1일, 동원개발 (013120),10:01
, 세코닉스 (053450),1.3:1
2015년 11월 27일, 윈하이텍 (192390),1.5:1
2015년 11월 26일, 나노신소재 (121600),1.5:1
2015년 11월 24일, 노블엠앤비 (106520),2:01
, 우리로 (046970),2.065:1
2015년 11월 20일, 메이슨캐피탈 (021880),2:01
2015년 11월 12일, 동원개발 (013120),10:01
2015년 11월 11일, THE E&M (089230),1:10
2015년 11월 10일, 에스아이리소스 (065420),1:1.2
, 제너셈 (217190),2:01
2015년 11월 4일, 제넨바이오 (072520),1.565:1
2015년 11월 3일, 비케이탑스 (030790),1.177:1
2015년 11월 2일, 부산주공 (005030),1.162:1
2015년 10월 30일, 다원시스 (068240),1.03:1
, 유니슨 (018000),1.138:1
2015년 10월 23일, 제이씨케미칼 (137950),1.124:1
, 체시스 (033250),1.146:1
, 현대상사 (011760),1:1.69
2015년 10월 22일, THE E&M (089230),1:10
2015년 10월 21일, 케이탑리츠 (145270),5:01
2015년 10월 16일, 에스아이리소스 (065420),1:1.2
2015년 10월 15일, SK디스커버리 (006120),1.027:1
, SK디스커버리우 (006125),1.032:1
, 성창기업지주 (000180),1.017:1
2015년 10월 7일, 램테크놀러지 (171010),1.3:1
2015년 10월 5일, 콜마비앤에이치 (200130),1:05
2015년 9월 30일, 세원이앤씨 (091090),1.069:1
2015년 9월 18일, 상지카일룸 (042940),1:02
2015년 9월 16일, 코텍 (052330),1.04:1
2015년 9월 11일, 하이로닉 (149980),5:01
2015년 9월 10일, 쌍방울 (102280),1.096:1
2015년 9월 7일, 아이센스 (099190),1.5:1
2015년 9월 4일, 동부건설 (005960),1:10
, 동부건설우 (005965),1:10
, 부방 (014470),1:1.44
2015년 8월 31일, 상지카일룸 (042940),1:02
, 에이프로젠 H&G (109960),3:01
, 제이준코스메틱 (025620),1:01
2015년 8월 27일, 소니드 (060230),1.113:1
2015년 8월 26일, 하이로닉 (149980),5:01
2015년 8월 25일, 에이텍 (045660),1:1.65
2015년 8월 24일, Human N (032860),1:12
2015년 8월 19일, 바른손 (018700),1:03
2015년 8월 17일, 에이프로젠제약 (003060),1:02
2015년 8월 12일, 코데즈컴바인 (047770),0.180555556
2015년 8월 10일, 컴투스 (078340),1.102:1
2015년 8월 7일, 심텍홀딩스 (036710),1:2.17
2015년 8월 6일, Kespion (079190),1.001:1
2015년 7월 31일, 후성 (093370),1.025:1
2015년 7월 29일, 나이벡 (138610),1.071:1
, 동부건설 (005960),1:05
, 동부건설우 (005965),1:05
, 바른손 (018700),1:03
, 어반리튬 (073570),1.555:1
, 유니드 (014830),1.35:1
, 휴메딕스 (200670),1.2:1
2015년 7월 28일, ISC (095340),1.04:1
, 솔고바이오 (043100),1.017:1
2015년 7월 27일, 팬오션 (028670),1:1.25
2015년 7월 24일, 제이준코스메틱 (025620),1:05
, 한솔로지스틱스 (009180),1:2.91
2015년 7월 23일, NEW (160550),2:01
, 에이프로젠제약 (003060),1:02
2015년 7월 21일, 유니켐 (011330),1:02
2015년 7월 17일, 어반리튬 (073570),1:2.5
2015년 7월 13일, DGP (060900),1:08
2015년 7월 9일, 제일바이오 (052670),1.167:1
2015년 7월 8일, 동부건설 (005960),1:02
2015년 7월 6일, 원풍물산 (008290),1.028:1
2015년 7월 1일, 자연과환경 (043910),1.201:1
2015년 6월 29일, 비츠로셀 (082920),1.05:1
, 엠씨넥스 (097520),1.5:1
, 포시에스 (189690),1.05:1
2015년 6월 26일, DGP (060900),1:08
, Human N (032860),1:04
, 어반리튬 (073570),1:2.5
2015년 6월 25일, 유니켐 (011330),1:02
, 제일제강 (023440),1.147:1
2015년 6월 24일, 컴투스 (078340),1.023:1
2015년 6월 23일, 이트론 (096040),1.165:1
2015년 6월 22일, 이수앱지스 (086890),1.067:1
2015년 6월 19일, 콘텐트리중앙 (036420),1.096:1
2015년 6월 17일, 팬오션 (028670),1:1.25
2015년 6월 16일, 휴메딕스 (200670),1.022:1
2015년 6월 9일, 국일제지 (078130),10:01
, 현대엘리베이 (017800),1.072:1
2015년 6월 5일, 에스엠코어 (007820),2:01
2015년 5월 29일, SU Holdings (031860),5:01
2015년 5월 26일, 신원종합개발 (017000),1:10
2015년 5월 22일, 남성 (004270),10:01
, 탑코미디어 (134580),1.5:1
, 한국특강 (007280),10:01
2015년 5월 19일, 듀오백 (073190),2:01
, 스킨앤스킨 (159910),5:01
2015년 5월 18일, 태양금속 (004100),10:01
, 태양금속우 (004105),10:01
2015년 5월 15일, 범양건영 (002410),1.077:1
2015년 5월 13일, 인터지스 (129260),2:01
, 태경비케이 (014580),10:01
2015년 5월 11일, 오리엔트바이오 (002630),1.118:1
2015년 5월 8일, 아모레G (002790),10:01
, 아모레G우 (002795),10:01
, 아모레퍼시픽 (090430),10:01
, 아모레퍼시픽우 (090435),10:01
2015년 5월 7일, 오리엔탈정공 (014940),1:05
2015년 5월 6일, 우리산업 (072470),1:2.4
, 이스트소프트 (047560),2:01
2015년 5월 4일, 메가스터디 (072870),1:1.58
, 포스코퓨처엠 (003670),10:01
2015년 4월 29일, 국일제지 (078130),10:01
, 남성 (004270),10:01
, 듀오백 (073190),2:01
, 스킨앤스킨 (159910),5:01
, 신원종합개발 (017000),1:10
, 알엔투테크놀로지 (148250),2:01
, 태양금속 (004100),10:01
, 태양금속우 (004105),10:01
, 한국특강 (007280),10:01
2015년 4월 24일, 롯데손해보험 (000400),1.19:1
2015년 4월 23일, 인터지스 (129260),2:01
, 한국전자홀딩스 (006200),1.3:1
, 현대공업 (170030),1.5:1
2015년 4월 22일, 아모레G (002790),10:01
, 아모레G우 (002795),10:01
, 아모레퍼시픽 (090430),10:01
, 아모레퍼시픽우 (090435),10:01
, 오리엔탈정공 (014940),1:05
, 태경비케이 (014580),10:01
2015년 4월 21일, 백광산업 (001340),1.132:1
2015년 4월 17일, 모나미 (005360),1.099:1
2015년 4월 16일, 포스코퓨처엠 (003670),10:01
2015년 4월 10일, 비에이치아이 (083650),2.019:1
2015년 4월 8일, 글로벌에스엠 (900070),1.15:1
2015년 4월 6일, 코이즈 (121850),1.5:1
2015년 4월 3일, 골프존뉴딘홀딩스 (121440),1:1.21
2015년 3월 30일, STX엔진 (077970),1:08
, STX중공업 (071970),1:08
, 에스엠코어 (007820),1.05:1
2015년 3월 20일, 남광토건 (001260),1:08
2015년 3월 19일, 에프엔씨엔터 (173940),2:01
2015년 3월 18일, 마크로젠 (038290),1.5:1
2015년 3월 13일, STX엔진 (077970),1:08
, STX중공업 (071970),1:08
2015년 3월 12일, KH바텍 (060720),1.258:1
2015년 3월 4일, KG스틸 (016380),1:04
2015년 3월 2일, 대원제약 (003220),1.05:1
2015년 2월 25일, 영풍제지 (006740),10:01
2015년 2월 24일, 모베이스 (101330),1.201:1
, 제일테크노스 (038010),10:01
2015년 2월 17일, YG PLUS (037270),2:01
, 대한전선 (001440),1:05
, 상보 (027580),1.508:1
, 유니퀘스트 (077500),2:01
2015년 2월 16일, 알에프텍 (061040),1.041:1
2015년 2월 12일, 진원생명과학 (011000),1:05
2015년 2월 9일, NHN (181710),1.034:1
, 영풍제지 (006740),10:01
, 휴림네트웍스 (192410),1.5:1
2015년 2월 6일, KG스틸 (016380),1:04
, 덕산하이메탈 (077360),1:1.69
2015년 2월 5일, 대한항공 (003490),1.053:1
, 대한항공우 (003495),1.053:1
, 제일테크노스 (038010),10:01
2015년 1월 30일, YG PLUS (037270),2:01
, 라이온켐텍 (171120),1.5:1
2015년 1월 29일, 세하 (027970),1:05
2015년 1월 28일, 대한전선 (001440),1:05
2015년 1월 26일, HMM (011200),1.062:1
, 한솔홀딩스 (004150),1:1.61
2015년 1월 19일, 남광토건 (001260),1:08
2015년 1월 16일, 진원생명과학 (011000),1:05
2015년 1월 15일, 디와이 (013570),1:1.54
2015년 1월 14일, 에쎈테크 (043340),2:01
2015년 1월 12일, STX (011810),1:09
, 세하 (027970),1:05
2015년 1월 9일, 엠젠솔루션 (032790),1:05
2015년 1월 8일, 대성산업 (128820),1:3.25
2015년 1월 5일, 와이오엠 (066430),1:02
2014년 12월 29일, DI동일 (001530),1.025:1
, DRB동일 (004840),1.03:1
, JW Pharmaceutical (001067),1.05:1
, JW Pharmaceutical (001065),1.05:1
, JW신약 (067290),1.03:1
, JW중외제약 (001060),1.05:1
, JW홀딩스 (096760),1.05:1
, NHN한국사이버결제 (060250),1.07:1
, SK가스 (018670),1.01:1
, SNT홀딩스 (036530),1.03:1
, SUN&L (002820),1.015:1
, TCC스틸 (002710),1.057:1
, 고려제강 (002240),1.2:1
, 국제약품 (002720),1.05:1
, 대한과학 (131220),1.07:1
, 동아엘텍 (088130),1.05:1
, 동일고무벨트 (163560),1.034:1
, 동일기연 (032960),1.05:1
, 라이온켐텍 (171120),1.02:1
, 명문제약 (017180),1.035:1
, 무학 (033920),1.022:1
, 보령 (003850),1.05:1
, 보령메디앙스 (014100),1.019:1
, 부광약품 (003000),1.1:1
, 부산주공 (005030),1.07:1
, 서린바이오 (038070),1.058:1
, 서부T&D (006730),1.1:1
, 성우테크론 (045300),1.05:1
, 셀트리온 (068270),1.05:1
, 셀트리온제약 (068760),1.05:1
, 신풍우 (019175),1.04:1
, 신풍제약 (019170),1.04:1
, 안국약품 (001540),1.01:1
, 에이블씨엔씨 (078520),1.1:1
, 엘오티베큠 (083310),1.03:1
, 와이솔 (122990),1.05:1
, 와토스코리아 (079000),1.096:1
, 유진테크 (084370),1.03:1
, 이스트아시아홀딩스 (900110),1.1:1
, 제닉 (123330),1.051:1
, 제우스 (079370),1.1:1
, 제이준코스메틱 (025620),1:3.03
, 초록뱀이앤엠 (131100),1.5:1
, 켐트로닉스 (089010),1.05:1
, 코맥스 (036690),1.02:1
, 태광 (023160),1.03:1
, 투비소프트 (079970),1.03:1
, 한미사이언스 (008930),1.05:1
, 한미약품 (128940),1.05:1
2014년 12월 24일, 유수홀딩스 (000700),2:01
2014년 12월 22일, 대한제당 (001790),1.2:1
, 대한제당우 (001795),1.2:1
, 코나아이 (052400),1.3:1
2014년 12월 19일, STX (011810),1:09
, 엠젠솔루션 (032790),1:05
2014년 12월 17일, 와이오엠 (066430),1:02
2014년 12월 16일, 씨젠 (096530),1.5:1
2014년 12월 12일, 대성산업 (128820),1:07
, 에쎈테크 (043340),2:01
, 이화전기 (024810),1.084:1
2014년 12월 9일, 제이준코스메틱 (025620),1:3.03
, 팜젠사이언스 (004720),1:10
2014년 12월 8일, ISC (095340),1.35:1
, 빛샘전자 (072950),1.209:1
2014년 12월 4일, 유수홀딩스 (000700),2:01
2014년 11월 28일, DGB금융지주 (139130),1.062:1
2014년 11월 17일, 팜젠사이언스 (004720),1:10
2014년 11월 13일, 에스티큐브 (052020),1.192:1
2014년 11월 7일, DSNL (141020),2:01
, 케이프 (064820),2:01
2014년 11월 5일, 위지트 (036090),1.129:1
2014년 11월 4일, 신일전자 (002700),1.088:1
2014년 11월 3일, 에스티오 (098660),1.5:1
2014년 10월 24일, KX HiTech (052900),1.395:1
, 한솔테크닉스 (004710),1.104:1
2014년 10월 23일, 덕양산업 (024900),10:01
2014년 10월 22일, 브레인콘텐츠 (066980),1.149:1
2014년 10월 17일, 삼진엘앤디 (054090),1.038:1
2014년 10월 13일, 비츠로시스 (054220),1.25:1
2014년 10월 7일, 우진비앤지 (018620),2:01
2014년 10월 6일, HL Holdings (060980),1:2.09
, 덕양산업 (024900),10:01
, 엘앤케이바이오 (156100),1.5:1
2014년 9월 29일, 비츠로시스 (054220),1.112:1
, 솔루에타 (154040),2:01
, 엠에스오토텍 (123040),1.217:1
2014년 9월 25일, 바이오톡스텍 (086040),1.076:1
, 백금T&A (046310),1.173:1
2014년 9월 24일, 미래산업 (025560),1.078:1
2014년 9월 22일, 이글벳 (044960),1.135:1
2014년 9월 18일, 웅진씽크빅 (095720),1.019:1
, 제룡전기 (033100),1.101:1
2014년 9월 4일, 월덱스 (101160),1.334:1
2014년 8월 29일, 진원생명과학 (011000),1.09:1
2014년 8월 28일, 자연과환경 (043910),1:10
2014년 8월 22일, 아미코젠 (092040),2:01
2014년 8월 12일, 삼기 (122350),2:01
2014년 8월 11일, 메리츠금융지주 (138040),1.055:1
, 유진투자증권 (001200),1.133:1
2014년 8월 8일, 서연 (007860),1:3.18
2014년 8월 1일, 내츄럴엔도텍 (168330),1.8:1
, 자연과환경 (043910),1:10
2014년 7월 28일, JB금융지주 (175330),1.03:1
2014년 7월 15일, 파루 (043200),1.5:1
2014년 7월 7일, AK 홀딩스 (006840),1.044:1
2014년 7월 4일, 플레이위드 (023770),1:05
2014년 7월 2일, HJ중공업 (097230),1.118:1
2014년 7월 1일, 주성엔지니어링 (036930),1.051:1
2014년 6월 30일, 네오리진 (094860),1.078:1
2014년 6월 27일, 이화공영 (001840),1.2:1
2014년 6월 26일, 엔케이 (085310),1.073:1
, 지엔씨에너지 (119850),1.3:1
2014년 6월 24일, 오리엔트정공 (065500),1.123:1
2014년 6월 20일, 동양 (001520),1:10
, 동양2우B (001527),1:10
, 동양우 (001525),1:10
, 소프트센 (032680),1.173:1
, 소프트센 (032685),1.173:1
, 유수홀딩스 (000700),1:3.36
2014년 6월 19일, 에이티넘인베스트 (021080),1.043:1
, 플레이위드 (023770),1:05
2014년 6월 3일, 비케이탑스 (030790),1:04
2014년 6월 2일, 차바이오텍 (085660),1:1.38
2014년 5월 28일, BNK금융지주 (138930),1.044:1
, 유니켐 (011330),1:05
2014년 5월 27일, 파루 (043200),1.237:1
2014년 5월 26일, 서울리거 (043710),1:05
2014년 5월 23일, 코오롱글로벌 (003070),1:05
, 코오롱글로벌우 (003075),1:05
2014년 5월 22일, 엘앤에프 (066970),1.15:1
2014년 5월 19일, 에코바이오 (038870),1:05
2014년 5월 16일, 동국홀딩스 (001230),1.152:1
, 삼일기업공사 (002290),10:01
, 현대시멘트 (006390),1:05
2014년 5월 15일, 유진기업 (023410),1:1.03
2014년 5월 14일, 이화공영 (001840),1.043:1
2014년 5월 13일, KCTC (009070),10:01
, 성우하이텍 (015750),1.2:1
, 오디텍 (080520),1.3:1
2014년 5월 12일, KCC건설 (021320),1.901:1
, KD건설 (044180),1.451:1
, 우리종금 (010050),1:01
2014년 5월 7일, 에프알텍 (073540),2:01
2014년 5월 2일, 와이지엔터테인먼트 (122870),1.3:1
2014년 4월 30일, 삼표시멘트 (038500),1:1.25
, 서울리거 (043710),1:05
, 써니전자 (004770),1.13:1
2014년 4월 29일, 에코바이오 (038870),1:05
, 유니켐 (011330),1:05
2014년 4월 28일, 삼일기업공사 (002290),10:01
2014년 4월 23일, GS건설 (006360),1.081:1
, 코오롱글로벌 (003070),1:05
, 코오롱글로벌우 (003075),1:05
, 현대시멘트 (006390),1:05
2014년 4월 22일, 이트론 (096040),1.356:1
2014년 4월 21일, 비케이탑스 (030790),1:02
2014년 4월 18일, KCTC (009070),10:01
2014년 4월 16일, SFA반도체 (036540),1.121:1
, 블루콤 (033560),2:01
2014년 4월 10일, 엘앤에프 (066970),1.044:1
, 진매트릭스 (109820),2:01
2014년 4월 7일, 코스맥스 (044820),1:2.96
2014년 3월 31일, 이글루시큐리티 (067920),1.21:1
2014년 3월 27일, STX (011810),1:05
, 고영 (098460),1.5:1
2014년 3월 24일, 동양 (001520),1:05
, 동양2우B (001527),1:05
, 동양우 (001525),1:05
, 보해양조 (000890),1.035:1
2014년 3월 21일, 삼표시멘트 (038500),1:1.25
2014년 3월 20일, 대원산업 (005710),1.1:1
2014년 3월 19일, 비케이탑스 (030790),1:02
2014년 3월 17일, 한독 (002390),1.011:1
2014년 3월 11일, 더메디팜 (118000),1:10
2014년 3월 10일, STX (011810),1:05
2014년 3월 5일, 아이티센 (124500),1.3:1
2014년 3월 4일, 세동 (053060),2.2:1
, 와이지엔터테인먼트 (122870),1.028:1
2014년 3월 3일, 에스엠코어 (007820),1.05:1
, 제일제강 (023440),1.089:1
2014년 2월 20일, 골드앤에스 (035290),1:07
2014년 2월 13일, 더메디팜 (118000),1:10
, 오성첨단소재 (052420),1:05
2014년 2월 11일, 일신바이오 (068330),5:01
2014년 2월 10일, 한미약품 (128940),1.05:1
, 홈센타홀딩스 (060560),1.104:1
2014년 2월 6일, 에코바이오 (038870),2:01
2014년 2월 5일, 테라사이언스 (073640),1.5:1
2014년 2월 4일, 스맥 (099440),1.127:1
2014년 1월 28일, 대원제약 (003220),1.05:1
2014년 1월 24일, 일신바이오 (068330),5:01
, 팬오션 (028670),1:20
2014년 1월 23일, 오성첨단소재 (052420),1:05
2014년 1월 21일, 범양건영 (002410),1:36.68
2014년 1월 20일, 상상인증권 (001290),1:1.47
, 유나이티드제약 (033270),1.02:1
2014년 1월 16일, 현대엘리베이 (017800),1.108:1
2014년 1월 15일, 내츄럴엔도텍 (168330),2:01
, 이엠코리아 (095190),1.3:1
2014년 1월 13일, 초록뱀이앤엠 (131100),1.069:1
2014년 1월 10일, DL건설 (001880),1:02
2014년 1월 6일, 바이온 (032980),1:03
2014년 1월 2일, 경남제약 (053950),1:05
2013년 12월 30일, 경방 (000050),1.1:1
2013년 12월 27일, DRB동일 (004840),1.033:1
, ISC (095340),1.01:1
, JW Pharmaceutical (001067),1.05:1
, JW Pharmaceutical (001065),1.05:1
, JW신약 (067290),1.03:1
, JW중외제약 (001060),1.05:1
, JW홀딩스 (096760),1.05:1
, NHN한국사이버결제 (060250),1.05:1
, SBW생명과학 (151910),1.05:1
, SK가스 (018670),1.01:1
, SUN&L (002820),1.015:1
, TCC스틸 (002710),1.06:1
, 경방 (000050),1.1:1
, 국제약품 (002720),1.03:1
, 동아엘텍 (088130),1.05:1
, 동일고무벨트 (163560),1.036:1
, 동일기연 (032960),1.05:1
, 링네트 (042500),1.01:1
, 명문제약 (017180),1.03:1
, 모베이스 (101330),1.2:1
, 무학 (033920),1.019:1
, 보령 (003850),1.05:1
, 보령메디앙스 (014100),1.019:1
, 부광약품 (003000),1.05:1
, 서린바이오 (038070),1.04:1
, 서부T&D (006730),1.1:1
, 성우테크론 (045300),1.05:1
, 셀트리온 (068270),1.03:1
, 신풍우 (019175),1.04:1
, 신풍제약 (019170),1.04:1
, 안국약품 (001540),1.01:1
, 에스맥 (097780),1.05:1
, 에이블씨엔씨 (078520),1.1:1
, 엘브이엠씨 (900140),1.06:1
, 엘오티베큠 (083310),1.02:1
, 와이솔 (122990),1.05:1
, 와토스코리아 (079000),1.143:1
, 우진비앤지 (018620),1.108:1
, 유진테크 (084370),1.03:1
, 이스트아시아홀딩스 (900110),1.1:1
, 제닉 (123330),1.093:1
, 제이준코스메틱 (025620),1:05
, 켐트로닉스 (089010),1.05:1
, 코리안리 (003690),1.02:1
, 코오롱생명과학 (102940),1.2:1
, 태광 (023160),1.03:1
, 태원물산 (001420),1.049:1
, 한미사이언스 (008930),1.05:1
2013년 12월 24일, 팬오션 (028670),1:10
2013년 12월 23일, THE MIDONG (161570),3:01
2013년 12월 20일, DL건설 (001880),1:02
, 바이온 (032980),1:03
2013년 12월 18일, HLB테라퓨틱스 (115450),1.257:1
2013년 12월 16일, 한미약품 (128940),1.025:1
2013년 12월 13일, 경남제약 (053950),1:05
2013년 12월 10일, 미래산업 (025560),1.052:1
2013년 12월 9일, 범양건영 (002410),1:14
2013년 12월 6일, 종근당 (001630),1:3.58
2013년 12월 5일, 제이준코스메틱 (025620),1:05
2013년 12월 4일, 삼정펄프 (009770),1.25:1
2013년 12월 3일, Smart Solutions (136510),1.5:1
2013년 11월 28일, JB금융지주 (175330),1.074:1
2013년 11월 27일, 동서 (026960),1.69:1
2013년 11월 25일, CNT85 (056730),1.057:1
2013년 11월 22일, 엘컴텍 (037950),1:42.02
2013년 11월 18일, 태평양물산 (007980),1.162:1
2013년 11월 15일, DH오토웨어 (025440),1:1.27
, 포스코 ICT (022100),1.023:1
2013년 11월 8일, 상상인인더스트리 (101000),1.094:1
2013년 11월 6일, Kespion (079190),1.3:1
, 동화기업 (025900),1:1.31
, 아세아 (002030),1:3.28
2013년 11월 5일, 종근당 (001630),1:3.58
2013년 11월 1일, 케이피엠테크 (042040),1:03
2013년 10월 31일, 애머릿지 (900100),1.5:1
2013년 10월 18일, 메이슨캐피탈 (021880),1:3.3
2013년 10월 17일, 케이피엠테크 (042040),1:03
2013년 10월 16일, 아리온 (058220),1.5:1
, 안국약품 (001540),1.018:1
2013년 10월 10일, 한화손해보험 (000370),1.04:1
2013년 10월 8일, 인트론바이오 (048530),1.3:1
2013년 9월 25일, 하이비젼시스템 (126700),2.026:1
2013년 9월 24일, 브레인콘텐츠 (066980),1.101:1
, 태평양물산 (007980),1.088:1
2013년 9월 23일, HMM (011200),1.032:1
, 메이슨캐피탈 (021880),1:3.3
2013년 9월 16일, KEC (092220),1.629:1
, 대한항공 (003490),1:1.24
, 대한항공우 (003495),1:1.24
2013년 9월 13일, Kespion (079190),1.033:1
2013년 9월 10일, ITX엠투엠 (099520),1.3:1
2013년 9월 5일, 한국가스공사 (036460),1.034:1
2013년 9월 4일, 이트론 (096040),2.5:1
, 인터플렉스 (051370),1.031:1
2013년 8월 29일, NAVER (035420),1:1.46
, 이녹스 (088390),1.2:1
2013년 8월 26일, 엘컴텍 (037950),1:02
2013년 8월 21일, 비나텍 (126340),10:01
2013년 8월 20일, 피씨디렉트 (051380),1.187:1
2013년 8월 19일, 이트론 (096040),2.5:1
2013년 8월 16일, 하이비젼시스템 (126700),1:05
2013년 8월 14일, 한세엠케이 (069640),1.513:1
2013년 8월 13일, Human N (032860),1.218:1
2013년 8월 1일, KEC (092220),1:10
2013년 7월 30일, KD건설 (044180),1:03
2013년 7월 29일, 큐로컴 (040350),1.036:1
2013년 7월 26일, 글로본 (019660),1:10
2013년 7월 19일, 골프존뉴딘홀딩스 (121440),3:01
2013년 7월 18일, ITX엠투엠 (099520),1.055:1
2013년 7월 16일, KEC (092220),1:10
2013년 7월 12일, 이녹스 (088390),1.023:1
, 현대바이오 (048410),1.075:1
2013년 7월 11일, KD건설 (044180),1:03
2013년 7월 10일, THE E&M (089230),1.148:1
2013년 7월 9일, 대성산업 (128820),1.5:1
, 파인디앤씨 (049120),1.148:1
2013년 7월 8일, 에이치엘비생명과학 (067630),1.41:1
2013년 7월 3일, 동방선기 (099410),1.212:1
2013년 7월 1일, 흥아해운 (003280),1.049:1
2013년 6월 28일, 비보존 헬스케어 (082800),1.041:1
2013년 6월 27일, SBW생명과학 (151910),1.15:1
2013년 6월 17일, 오리엔트바이오 (002630),1.052:1
2013년 6월 13일, 리노공업 (058470),1.9:1
2013년 6월 10일, 상상인증권 (001290),1:1.49
2013년 6월 7일, 녹십자 (006280),1.05:1
2013년 6월 4일, 브리지텍 (064480),1.4:1
, 우림피티에스 (101170),1.5:1
, 투비소프트 (079970),2:01
2013년 5월 29일, 셀바스AI (108860),1.079:1
2013년 5월 28일, 형지I&C (011080),1.266:1
2013년 5월 27일, 셀루메드 (049180),1:05
2013년 5월 22일, KT서브마린 (060370),5:01
, 태평양물산 (007980),10:01
2013년 5월 20일, NICE (034310),10:01
, 삼보판지 (023600),10:01
, 상상인증권 (001290),1.96:1
2013년 5월 15일, 고려산업 (002140),5:01
2013년 5월 14일, 대성산업 (128820),1.284:1
, 애머릿지 (900100),2:01
2013년 5월 10일, NICE평가정보 (030190),2:01
2013년 5월 9일, SBW생명과학 (151910),1.041:1
, 대명소노시즌 (007720),5:01
, 대한해운 (005880),1:15
2013년 5월 7일, 한세예스24홀딩스 (016450),1.26:1
2013년 5월 2일, 액토즈소프트 (052790),1.042:1
2013년 4월 30일, NICE (034310),10:01
, 셀루메드 (049180),1:05
, 에이프로젠 MED (007460),1:05
, 웅진 (016880),1:09
, 태평양물산 (007980),10:01
2013년 4월 29일, KT서브마린 (060370),5:01
2013년 4월 26일, 삼보판지 (023600),10:01
2013년 4월 25일, 고려산업 (002140),5:01
, 아이디스 (143160),3:01
2013년 4월 24일, NICE평가정보 (030190),2:01
2013년 4월 22일, 대명소노시즌 (007720),5:01
, 씨티씨바이오 (060590),1.1:1
2013년 4월 19일, 녹십자 (006280),1.017:1
, 우리종금 (010050),1:3.3
, 코리아써키트 (007810),1.074:1
2013년 4월 15일, 사람인에이치알 (143240),1.095:1
, 파트론 (091700),1.4:1
2013년 4월 10일, 제이스텍 (090470),1.5:1
, 진흥기업 (002780),1:03
, 진흥기업2우B (002787),1:03
, 진흥기업우B (002785),1:03
2013년 4월 8일, 동아쏘시오홀딩스 (000640),1:2.69
2013년 4월 5일, 와이솔 (122990),1.3:1
2013년 4월 4일, ES큐브 (050120),1.133:1
2013년 4월 3일, 이화전기 (024810),1.051:1
, 파인테크닉스 (106240),1.12:1
2013년 3월 29일, 진양산업 (003780),1.001:1
2013년 3월 28일, 금호건설 (002990),1:07
, 금호산업우 (002995),1:07
2013년 3월 27일, 대한해운 (005880),1:15
, 에이프로젠 MED (007460),1:05
2013년 3월 22일, 셀트리온 (068270),1:02
2013년 3월 21일, 진흥기업 (002780),1:03
2013년 3월 18일, 대원산업 (005710),1.15:1
, 웅진 (016880),1:03
2013년 3월 5일, 씨티씨바이오 (060590),1.022:1
2013년 3월 4일, 셀트리온 (068270),1:02
2013년 2월 28일, 금호건설 (002990),1:07
, 금호산업우 (002995),1:07
2013년 2월 27일, 알톤스포츠 (123750),1.3:1
, 웅진 (016880),1:05
2013년 2월 22일, 키이스트 (054780),5:01
2013년 2월 21일, 미원상사 (002840),1.02:1
2013년 2월 19일, 아이디스 (143160),1.036:1
2013년 2월 15일, 남광토건 (001260),1:40
2013년 2월 13일, 네오리진 (094860),1.128:1
2013년 2월 7일, 엠게임 (058630),1.042:1
, 키이스트 (054780),5:01
2013년 2월 1일, HJ중공업 (097230),1.086:1
, 도화엔지니어링 (002150),2:01
2013년 1월 31일, 대원제약 (003220),1.1:1
, 푸드웰 (005670),2:01
2013년 1월 30일, 에스엠코어 (007820),1.05:1
2013년 1월 28일, 동원시스템즈 (014820),1:10
, 동원시스템즈우 (014825),1:10
2013년 1월 16일, 씨젠 (096530),1.25:1
2013년 1월 14일, 남광토건 (001260),1:8.01
2013년 1월 11일, 광무 (029480),1:10
, 와이오엠 (066430),1:04
2013년 1월 10일, 이엔플러스 (074610),1:04
2013년 1월 7일, 대양금속 (009190),1:10.52
, 시티랩스 (139050),1.5:1