티커,BPS,PER,PBR,EPS,DIV,DPS,s_date
095570,8076,21.44,0.53,201,6.26,270,2023-07-13
006840,41948,0.0,0.48,0,1.0,200,2023-07-13
027410,16528,14.98,0.22,247,2.97,110,2023-07-13
282330,55724,15.61,3.14,11203,2.34,4100,2023-07-13
138930,30468,2.8,0.22,2404,9.29,625,2023-07-13
001460,825735,9.72,0.5,42272,0.73,3000,2023-07-13
001465,0,0.0,0.0,0,2.13,3050,2023-07-13
001040,191537,10.23,0.32,6023,4.06,2500,2023-07-13
079160,7886,0.0,1.17,0,0.0,0,2023-07-13
00104K,0,0.0,0.0,0,4.75,2550,2023-07-13
000120,179031,8.8,0.4,8190,0.69,500,2023-07-13
011150,2107,16.12,1.57,205,0.0,0,2023-07-13
011155,0,0.0,0.0,0,0.0,0,2023-07-13
001045,0,0.0,0.0,0,5.9,2550,2023-07-13
097950,459670,7.45,0.6,37188,1.99,5500,2023-07-13
097955,0,0.0,0.0,0,4.21,5550,2023-07-13
000590,242997,4.83,0.25,12700,0.81,500,2023-07-13
012030,1492,72.67,1.46,30,0.0,0,2023-07-13
016610,22203,0.0,0.18,0,4.25,170,2023-07-13
005830,89508,4.42,0.81,16373,6.36,4600,2023-07-13
000990,37784,4.72,1.61,12858,2.14,1300,2023-07-13
000995,0,0.0,0.0,0,6.12,1350,2023-07-13
139130,31812,3.23,0.23,2266,8.87,650,2023-07-13
001530,31182,7.67,0.69,2803,1.16,250,2023-07-13
000210,194062,14.15,0.2,2679,2.64,1000,2023-07-13
001880,45294,5.37,0.29,2445,1.9,250,2023-07-13
000215,0,0.0,0.0,0,4.62,1050,2023-07-13
375500,114397,3.11,0.28,10130,3.17,1000,2023-07-13
37550L,0,0.0,0.0,0,4.42,1000,2023-07-13
37550K,0,0.0,0.0,0,5.36,1050,2023-07-13
007340,101507,4.65,0.96,20987,2.56,2500,2023-07-13
004840,18971,67.5,0.28,80,0.74,40,2023-07-13
155660,12480,3.28,0.4,1502,1.22,60,2023-07-13
069730,12715,2.37,0.37,2009,1.26,60,2023-07-13
017940,249560,2.05,0.2,24536,7.17,3600,2023-07-13
383220,24159,10.15,4.86,11571,1.36,1600,2023-07-13
007700,52493,5.76,0.37,3384,1.79,350,2023-07-13
114090,6183,0.0,2.33,0,0.0,0,2023-07-13
078930,133899,1.64,0.28,22634,6.75,2500,2023-07-13
006360,56917,3.57,0.25,3997,9.12,1300,2023-07-13
001250,4813,3.24,0.57,851,0.0,0,2023-07-13
007070,39627,55.44,0.55,395,1.96,430,2023-07-13
078935,0,0.0,0.0,0,7.51,2550,2023-07-13
012630,44094,0.0,0.14,0,4.08,250,2023-07-13
039570,11339,15.3,0.73,538,5.47,450,2023-07-13
089470,10618,11.06,0.41,398,2.73,120,2023-07-13
294870,43919,14.16,0.25,764,5.55,600,2023-07-13
009540,137382,0.0,0.94,0,0.0,0,2023-07-13
267250,105921,2.98,0.56,19933,7.73,4600,2023-07-13
267270,80387,13.73,1.04,6112,2.09,1750,2023-07-13
322000,34065,7.14,1.13,5412,1.55,600,2023-07-13
042670,8273,10.25,1.44,1163,2.01,240,2023-07-13
267260,22854,15.35,3.03,4514,0.72,500,2023-07-13
329180,59566,0.0,2.44,0,0.0,0,2023-07-13
097230,4624,0.0,1.0,0,0.0,0,2023-07-13
014790,11284,8.6,0.23,300,0.0,0,2023-07-13
003580,1507,0.0,3.04,0,0.0,0,2023-07-13
204320,45998,24.57,1.12,2096,0.97,500,2023-07-13
060980,102608,112.1,0.34,314,5.68,2000,2023-07-13
011200,42300,0.94,0.46,20556,6.23,1200,2023-07-13
082740,3099,0.0,3.9,0,0.0,0,2023-07-13
003560,303,0.0,0.79,0,0.0,0,2023-07-13
175330,23551,2.73,0.35,2996,10.2,835,2023-07-13
234080,9063,14.03,1.5,966,3.69,500,2023-07-13
001060,10660,22.88,2.86,1331,1.23,375,2023-07-13
001067,0,0.0,0.0,0,0.63,375,2023-07-13
001065,0,0.0,0.0,0,1.23,400,2023-07-13
096760,1513,11.12,2.3,313,2.87,100,2023-07-13
105560,124124,4.3,0.38,10955,6.26,2950,2023-07-13
002380,695902,46.01,0.3,4564,3.81,8000,2023-07-13
344820,90484,7.43,0.48,5894,5.48,2400,2023-07-13
009070,8350,4.74,0.5,879,1.44,60,2023-07-13
009440,7463,0.0,0.49,0,1.37,50,2023-07-13
119650,1562,0.0,1.44,0,0.0,0,2023-07-13
092220,1912,13.59,0.99,140,3.15,60,2023-07-13
003620,5846,0.0,1.47,0,0.0,0,2023-07-13
016380,16907,1.66,0.53,5357,1.69,150,2023-07-13
001390,57371,2.16,0.88,23384,0.99,500,2023-07-13
033180,2771,0.0,0.16,0,0.0,0,2023-07-13
001940,75645,3.13,0.24,5760,3.33,600,2023-07-13
025000,122776,7.66,0.38,6015,5.97,2750,2023-07-13
092230,210854,22.23,0.24,2267,5.95,3000,2023-07-13
000040,345,0.0,1.59,0,0.0,0,2023-07-13
044450,17995,4.6,0.52,2016,3.78,350,2023-07-13
030200,64880,5.7,0.46,5209,6.6,1960,2023-07-13
033780,80114,9.74,1.03,8489,6.05,5000,2023-07-13
058850,4834,7.81,0.7,436,3.52,120,2023-07-13
058860,6434,6.23,0.48,501,3.85,120,2023-07-13
093050,51612,2.84,0.29,5351,4.61,700,2023-07-13
003550,164082,6.86,0.52,12422,3.52,3000,2023-07-13
034220,27611,0.0,0.55,0,0.0,0,2023-07-13
051900,364213,32.67,1.27,14112,0.87,4000,2023-07-13
051905,0,0.0,0.0,0,2.2,4050,2023-07-13
373220,80052,163.94,6.77,3306,0.0,0,2023-07-13
003555,0,0.0,0.0,0,4.68,3050,2023-07-13
032640,18996,6.93,0.56,1543,6.08,650,2023-07-13
011070,180261,7.08,1.63,41406,1.42,4150,2023-07-13
066570,116599,18.28,1.04,6640,0.58,700,2023-07-13
066575,0,0.0,0.0,0,1.4,750,2023-07-13
037560,8077,0.0,0.55,0,2.71,120,2023-07-13
051910,445524,28.31,1.5,23670,1.49,10000,2023-07-13
051915,0,0.0,0.0,0,2.73,10050,2023-07-13
079550,42909,15.44,2.03,5641,1.72,1500,2023-07-13
006260,144965,5.64,0.63,16306,1.69,1550,2023-07-13
010120,52919,29.83,1.73,3077,1.2,1100,2023-07-13
000680,7510,0.0,0.37,0,0.0,0,2023-07-13
229640,4898,0.0,1.41,0,3.61,250,2023-07-13
108320,58432,8.51,2.09,14368,3.68,4500,2023-07-13
001120,62867,2.48,0.57,14325,8.44,3000,2023-07-13
108670,87146,0.0,0.53,0,0.43,200,2023-07-13
108675,0,0.0,0.0,0,1.25,250,2023-07-13
383800,21133,3.62,0.38,2190,3.91,310,2023-07-13
38380K,0,0.0,0.0,0,3.2,320,2023-07-13
023150,10227,9.5,0.71,766,3.43,250,2023-07-13
035420,151646,39.88,1.32,5007,0.46,914,2023-07-13
181710,49179,0.0,0.48,0,0.0,0,2023-07-13
005940,21824,10.81,0.44,881,7.35,700,2023-07-13
005945,0,0.0,0.0,0,8.19,750,2023-07-13
034310,21230,11.42,0.54,1012,3.55,410,2023-07-13
008260,6580,4.31,1.12,1706,1.36,100,2023-07-13
004250,9416,9.72,0.7,678,1.52,100,2023-07-13
004255,0,0.0,0.0,0,3.43,105,2023-07-13
456040,0,0.0,0.0,0,0.0,0,2023-07-13
010060,166136,3.14,0.7,36941,2.16,2500,2023-07-13
178920,11627,22.38,3.0,1557,2.24,779,2023-07-13
005490,692323,10.41,0.62,41456,2.78,12000,2023-07-13
010950,75353,3.68,0.88,18075,8.26,5500,2023-07-13
010955,0,0.0,0.0,0,11.44,5525,2023-07-13
034120,46405,3.39,0.63,8623,3.42,1000,2023-07-13
005090,48174,3.17,0.53,8093,6.63,1700,2023-07-13
001380,2695,0.0,0.49,0,0.0,0,2023-07-13
004060,1234,57.78,0.42,9,0.0,0,2023-07-13
001770,42355,2.94,0.62,8905,0.38,100,2023-07-13
002360,857,41.76,0.83,17,1.41,10,2023-07-13
009160,11050,3.62,0.45,1381,4.0,200,2023-07-13
123700,11352,14.48,0.4,316,2.19,100,2023-07-13
025530,11073,34.02,0.39,127,3.47,150,2023-07-13
034730,391404,7.55,0.38,19547,3.39,5000,2023-07-13
011790,50774,0.0,1.97,0,1.1,1100,2023-07-13
018670,260823,4.18,0.46,28644,5.43,6500,2023-07-13
001740,10311,13.87,0.53,395,2.19,120,2023-07-13
001745,0,0.0,0.0,0,2.16,145,2023-07-13
006120,153209,1.63,0.23,21631,4.82,1700,2023-07-13
006125,0,0.0,0.0,0,6.35,1750,2023-07-13
210980,31414,7.13,0.7,3084,3.64,800,2023-07-13
068400,11371,22.8,0.92,457,1.44,150,2023-07-13
302440,22683,47.56,3.35,1596,0.0,0,2023-07-13
326030,4042,0.0,18.73,0,0.0,0,2023-07-13
402340,118972,25.18,0.39,1837,0.0,0,2023-07-13
361610,30501,0.0,2.96,0,0.0,0,2023-07-13
100090,9783,41.03,2.2,524,0.0,0,2023-07-13
03473K,0,0.0,0.0,0,3.83,5050,2023-07-13
096770,233338,8.94,0.71,18511,3.53,5840,2023-07-13
096775,0,0.0,0.0,0,5.51,5890,2023-07-13
001510,1525,29.09,0.44,23,0.75,5,2023-07-13
001515,0,0.0,0.0,0,0.42,10,2023-07-13
285130,124642,6.65,0.53,9910,2.28,1500,2023-07-13
28513K,0,0.0,0.0,0,5.13,1550,2023-07-13
017670,51911,11.15,0.88,4118,7.23,3320,2023-07-13
000660,92004,35.19,1.24,3242,1.05,1200,2023-07-13
003570,29430,10.17,0.35,1027,4.79,500,2023-07-13
064960,66442,8.1,0.79,6470,3.05,1600,2023-07-13
100840,38778,10.3,0.61,2292,3.39,800,2023-07-13
036530,68239,4.49,0.23,3556,4.38,700,2023-07-13
005610,48007,10.28,1.41,6568,2.52,1700,2023-07-13
011810,1753,0.0,7.37,0,0.0,0,2023-07-13
077970,11315,0.0,1.38,0,0.0,0,2023-07-13
071970,6770,17.87,1.31,498,0.0,0,2023-07-13
002820,12936,0.0,0.22,0,0.0,0,2023-07-13
084870,2886,8.04,0.66,236,0.0,0,2023-07-13
002710,8127,41.81,6.37,1239,0.23,120,2023-07-13
069260,19290,10.46,1.16,2132,4.48,1000,2023-07-13
002900,7778,3.25,0.95,2262,4.08,300,2023-07-13
024070,7345,0.0,0.4,0,1.71,50,2023-07-13
037270,2248,31.8,2.59,183,0.0,0,2023-07-13
000500,49444,8.65,0.43,2458,0.24,50,2023-07-13
000860,92542,24.37,0.25,952,2.16,500,2023-07-13
035250,16846,30.12,1.02,570,2.04,350,2023-07-13
011420,1210,13.62,1.88,167,0.0,0,2023-07-13
002100,12997,6.78,0.78,1503,3.93,400,2023-07-13
009450,35820,14.05,1.45,3707,0.96,500,2023-07-13
267290,67007,4.91,0.3,4105,4.34,875,2023-07-13
012320,205405,13.38,0.42,6519,0.86,750,2023-07-13
000050,30304,53.67,0.31,177,1.32,125,2023-07-13
214390,6011,261.15,1.13,26,0.74,50,2023-07-13
012610,5831,14.22,0.84,345,1.02,50,2023-07-13
009140,49149,12.38,0.52,2080,1.36,350,2023-07-13
013580,84371,2.37,0.19,6828,3.09,500,2023-07-13
012200,3924,0.0,0.56,0,1.15,25,2023-07-13
012205,0,0.0,0.0,0,0.72,30,2023-07-13
002140,4286,141.07,0.92,28,0.63,25,2023-07-13
010130,455251,10.76,1.02,42967,4.32,20000,2023-07-13
002240,64024,5.89,0.3,3242,1.57,300,2023-07-13
009290,12593,11.02,0.51,588,1.54,100,2023-07-13
017040,2621,23.83,1.13,124,0.34,10,2023-07-13
017900,4514,10.45,0.64,275,1.74,50,2023-07-13
037710,99270,4.57,0.33,7157,6.73,2200,2023-07-13
030610,24572,7.47,0.21,681,3.93,200,2023-07-13
339770,7157,39.02,1.17,214,2.4,200,2023-07-13
007690,99565,6.31,0.55,8626,2.57,1400,2023-07-13
005320,1997,41.92,0.52,25,0.0,0,2023-07-13
001140,4100,0.0,1.71,0,0.0,0,2023-07-13
002720,3666,23.1,1.11,176,0.0,0,2023-07-13
083420,5251,71.63,1.68,123,2.61,230,2023-07-13
014530,5808,6.8,0.69,593,4.96,200,2023-07-13
014280,13661,3.55,0.5,1933,1.75,120,2023-07-13
014285,0,0.0,0.0,0,1.19,130,2023-07-13
008870,106871,0.0,0.8,0,1.52,1300,2023-07-13
001570,2188,0.0,43.42,0,0.0,0,2023-07-13
002990,15149,9.95,0.39,587,8.56,500,2023-07-13
002995,0,0.0,0.0,0,3.22,550,2023-07-13
011780,234861,3.31,0.52,37290,4.38,5400,2023-07-13
011785,0,0.0,0.0,0,8.46,5450,2023-07-13
214330,1749,0.0,0.51,0,0.0,0,2023-07-13
001210,890,0.0,1.22,0,0.0,0,2023-07-13
073240,3920,0.0,1.16,0,0.0,0,2023-07-13
092440,8569,11.79,0.4,291,4.37,150,2023-07-13
000270,98117,6.48,0.89,13495,4.0,3500,2023-07-13
024110,36302,3.09,0.28,3320,9.36,960,2023-07-13
013700,1753,0.0,0.98,0,1.16,20,2023-07-13
004540,6481,0.0,0.38,0,0.0,0,2023-07-13
004545,0,0.0,0.0,0,0.0,0,2023-07-13
001260,10896,5.09,0.92,1969,0.0,0,2023-07-13
008350,2376,10.76,1.08,238,0.0,0,2023-07-13
008355,0,0.0,0.0,0,0.0,0,2023-07-13
004270,3821,22.6,0.6,102,1.08,25,2023-07-13
003920,1079345,0.0,0.47,0,0.2,1000,2023-07-13
003925,0,0.0,0.0,0,0.39,1050,2023-07-13
025860,10670,8.38,0.77,986,1.21,100,2023-07-13
005720,22295,13.36,0.19,317,2.6,110,2023-07-13
005725,0,0.0,0.0,0,3.74,115,2023-07-13
002350,16520,0.0,0.5,0,1.2,100,2023-07-13
002355,0,0.0,0.0,0,3.55,105,2023-07-13
251270,66649,0.0,0.72,0,0.0,0,2023-07-13
090350,17634,14.4,0.46,564,3.39,275,2023-07-13
090355,0,0.0,0.0,0,2.24,280,2023-07-13
000320,38479,4.57,0.28,2391,4.58,500,2023-07-13
000325,0,0.0,0.0,0,2.44,505,2023-07-13
006280,116367,19.77,0.97,5735,1.54,1750,2023-07-13
005250,23095,19.01,0.6,727,2.17,300,2023-07-13
005257,0,0.0,0.0,0,1.05,300,2023-07-13
004370,398464,19.94,1.01,20081,1.25,5000,2023-07-13
072710,231914,9.22,0.29,7353,3.69,2500,2023-07-13
058730,7408,53.86,0.64,88,0.0,0,2023-07-13
030210,11357,3.57,0.32,1019,4.13,150,2023-07-13
023590,53655,2.02,0.33,8634,3.44,600,2023-07-13
145210,3499,0.0,1.68,0,0.0,0,2023-07-13
019680,5825,0.0,0.43,0,1.2,30,2023-07-13
019685,0,0.0,0.0,0,2.67,45,2023-07-13
006370,27810,0.0,0.51,0,0.35,50,2023-07-13
008060,17890,12.04,0.37,549,6.05,400,2023-07-13
00806K,0,0.0,0.0,0,4.31,405,2023-07-13
353200,17302,9.5,1.96,3570,1.18,400,2023-07-13
35320K,0,0.0,0.0,0,3.4,405,2023-07-13
000490,15973,6.22,0.71,1812,0.89,100,2023-07-13
008110,20487,5.13,0.25,1015,4.8,250,2023-07-13
005750,9514,0.0,0.42,0,2.76,110,2023-07-13
006570,5308,13.99,0.66,252,0.85,30,2023-07-13
001680,37616,7.45,0.46,2306,4.65,800,2023-07-13
001685,0,0.0,0.0,0,5.82,810,2023-07-13
084690,20315,8.38,0.36,868,3.71,270,2023-07-13
084695,0,0.0,0.0,0,3.17,280,2023-07-13
128820,16329,0.0,0.25,0,0.0,0,2023-07-13
117580,11539,0.0,0.68,0,3.19,250,2023-07-13
016710,29781,64.27,0.49,225,1.73,250,2023-07-13
003540,74528,7.6,0.18,1750,9.02,1200,2023-07-13
003547,0,0.0,0.0,0,9.7,1200,2023-07-13
003545,0,0.0,0.0,0,9.62,1250,2023-07-13
009190,3353,14.72,1.11,252,0.0,0,2023-07-13
014160,1753,9.81,0.75,134,0.0,0,2023-07-13
047040,9040,3.45,0.47,1227,0.0,0,2023-07-13
009320,539,0.0,3.21,0,0.0,0,2023-07-13
003090,19933,5.09,0.63,2467,0.8,100,2023-07-13
069620,54929,25.47,1.77,3816,0.62,600,2023-07-13
000430,7802,20.95,0.82,304,1.57,100,2023-07-13
006340,1273,66.33,0.94,18,0.0,0,2023-07-13
006345,0,0.0,0.0,0,0.0,0,2023-07-13
003220,11967,9.07,1.14,1510,2.56,350,2023-07-13
024890,1532,0.0,1.83,0,0.0,0,2023-07-13
002880,942,0.0,0.71,0,0.0,0,2023-07-13
000300,503,0.0,2.01,0,0.0,0,2023-07-13
012800,3225,30.06,0.45,48,0.0,0,2023-07-13
015230,9161,5.79,0.9,1417,2.44,200,2023-07-13
001070,37439,0.0,0.34,0,0.0,0,2023-07-13
006650,301477,0.0,0.44,0,0.75,1000,2023-07-13
001440,7000,77.22,1.99,180,0.0,0,2023-07-13
084010,38135,2.04,0.35,6605,5.78,780,2023-07-13
001790,5992,12.07,0.56,276,3.6,120,2023-07-13
001795,0,0.0,0.0,0,4.37,125,2023-07-13
001130,558185,5.26,0.23,24697,1.92,2500,2023-07-13
003490,24426,5.34,1.05,4787,2.94,750,2023-07-13
003495,0,0.0,0.0,0,2.83,800,2023-07-13
005880,4912,3.91,0.4,507,0.0,0,2023-07-13
003830,635611,3.52,0.16,29768,0.72,750,2023-07-13
016090,5480,3.8,0.4,574,5.05,110,2023-07-13
069460,1456,11.7,0.92,114,0.0,0,2023-07-13
118000,1172,0.0,0.44,0,0.0,0,2023-07-13
192080,43874,0.0,0.99,0,1.38,600,2023-07-13
012510,15301,42.83,1.89,676,0.42,123,2023-07-13
004830,5862,26.85,0.72,157,1.07,45,2023-07-13
004835,0,0.0,0.0,0,0.99,50,2023-07-13
024900,2608,18.05,3.37,487,0.0,0,2023-07-13
145720,43354,14.78,3.4,9980,0.2,300,2023-07-13
002150,7986,192.13,1.13,47,3.1,280,2023-07-13
460850,0,0.0,0.0,0,0.0,0,2023-07-13
460860,0,0.0,0.0,0,0.0,0,2023-07-13
001230,34362,3.99,0.52,4474,2.8,500,2023-07-13
023450,14281,12.64,2.64,2983,2.32,875,2023-07-13
004140,2685,128.24,0.81,17,0.0,0,2023-07-13
007590,12112,12.36,0.56,546,3.7,250,2023-07-13
005960,25542,3.78,0.26,1737,7.62,500,2023-07-13
005965,0,0.0,0.0,0,2.01,550,2023-07-13
026960,15510,11.07,1.21,1701,3.88,730,2023-07-13
002210,1872,0.0,3.16,0,0.0,0,2023-07-13
102260,7735,6.37,0.59,714,4.4,200,2023-07-13
000640,157100,45.68,0.52,1784,1.84,1500,2023-07-13
170900,78380,33.95,0.68,1576,1.31,700,2023-07-13
028100,15999,0.0,0.79,0,3.95,500,2023-07-13
282690,27514,6.62,0.42,1747,8.64,1000,2023-07-13
001520,4062,0.0,0.25,0,3.97,40,2023-07-13
001527,0,0.0,0.0,0,1.29,150,2023-07-13
084670,28704,0.0,0.53,0,0.0,0,2023-07-13
082640,12252,7.68,0.3,475,0.0,0,2023-07-13
001525,0,0.0,0.0,0,1.54,90,2023-07-13
008970,740,30.39,1.36,33,0.0,0,2023-07-13
092780,9239,30.4,0.65,198,1.0,60,2023-07-13
049770,45847,6.04,0.62,4711,2.46,701,2023-07-13
018500,1314,7.18,2.65,485,0.0,0,2023-07-13
006040,69698,6.72,0.55,5748,2.85,1100,2023-07-13
030720,13454,6.37,0.63,1328,2.96,250,2023-07-13
014820,25113,14.83,1.46,2472,1.64,600,2023-07-13
014825,0,0.0,0.0,0,2.67,650,2023-07-13
163560,15353,12.71,0.46,561,1.68,120,2023-07-13
004890,192642,6.05,0.32,10085,4.92,3000,2023-07-13
002690,7970,12.75,0.27,169,0.46,10,2023-07-13
000020,13165,13.59,0.76,736,1.8,180,2023-07-13
000150,132422,0.0,0.66,0,2.28,2000,2023-07-13
000157,0,0.0,0.0,0,2.3,2000,2023-07-13
241560,50136,9.53,1.22,6421,2.21,1350,2023-07-13
034020,11146,0.0,1.71,0,0.0,0,2023-07-13
000155,0,0.0,0.0,0,4.04,2050,2023-07-13
336260,7988,593.62,3.49,47,0.0,0,2023-07-13
33626K,0,0.0,0.0,0,0.0,0,2023-07-13
33626L,0,0.0,0.0,0,0.0,0,2023-07-13
016740,5889,18.97,0.72,224,1.88,80,2023-07-13
192650,6133,10.42,1.64,965,1.99,200,2023-07-13
024090,28881,3.02,0.43,4097,7.28,900,2023-07-13
003160,5841,13.65,1.32,564,1.3,100,2023-07-13
092200,2625,84.56,2.54,79,0.0,0,2023-07-13
013570,13814,0.0,0.46,0,1.89,120,2023-07-13
210540,21781,10.57,0.79,1618,1.46,250,2023-07-13
115390,11990,0.0,0.5,0,32.44,1953,2023-07-13
032350,3223,0.0,3.32,0,0.0,0,2023-07-13
089860,35333,10.32,0.75,2577,3.38,900,2023-07-13
000400,1451,0.0,1.19,0,0.0,0,2023-07-13
023530,338431,0.0,0.2,0,4.77,3300,2023-07-13
020150,31661,56.11,1.68,950,0.56,300,2023-07-13
280360,228909,16.1,0.43,6160,2.32,2300,2023-07-13
004000,90075,11.62,0.74,5738,5.25,3500,2023-07-13
286940,28084,12.21,0.88,2015,2.85,700,2023-07-13
004990,100489,10.56,0.25,2387,5.95,1500,2023-07-13
00499K,0,0.0,0.0,0,4.12,1550,2023-07-13
005300,150133,9.75,0.83,12754,2.65,3300,2023-07-13
005305,0,0.0,0.0,0,5.27,3305,2023-07-13
011170,404799,88.34,0.37,1716,2.31,3500,2023-07-13
071840,55987,0.0,0.17,0,3.12,300,2023-07-13
027740,777,84.06,1.73,16,0.0,0,2023-07-13
001080,79971,16.86,0.46,2168,0.68,250,2023-07-13
138040,27050,5.28,1.64,8406,0.24,105,2023-07-13
090370,3160,0.0,0.87,0,0.0,0,2023-07-13
017180,2648,10.84,0.95,233,0.0,0,2023-07-13
009900,7315,13.99,3.12,1633,0.0,0,2023-07-13
012690,2123,44.14,1.33,64,1.77,50,2023-07-13
005360,5502,20.84,0.63,166,2.02,70,2023-07-13
009680,19912,9.01,0.45,988,4.49,400,2023-07-13
009580,10484,5.01,0.34,721,4.16,150,2023-07-13
009200,10014,6.56,0.24,365,2.09,50,2023-07-13
033920,18143,0.0,0.32,0,3.97,230,2023-07-13
008420,8612,2.69,0.42,1338,1.39,50,2023-07-13
025560,21072,16.98,1.46,1811,0.0,0,2023-07-13
007120,2635,0.0,0.62,0,0.0,0,2023-07-13
085620,10179,8.03,0.35,441,0.0,0,2023-07-13
006800,21818,6.82,0.32,1033,2.84,200,2023-07-13
00680K,0,0.0,0.0,0,5.43,200,2023-07-13
006805,0,0.0,0.0,0,5.54,220,2023-07-13
002840,70659,11.48,2.4,14752,0.89,1500,2023-07-13
268280,75680,11.69,2.0,12932,1.52,2300,2023-07-13
107590,95466,11.39,1.04,8717,0.7,700,2023-07-13
134380,64815,8.07,0.99,7959,3.89,2500,2023-07-13
003650,212260,4.34,0.32,15455,3.73,2500,2023-07-13
377740,15707,1.67,0.35,3277,8.94,490,2023-07-13
003610,5532,16.18,0.44,152,1.83,45,2023-07-13
001340,4741,15.72,1.63,491,0.78,60,2023-07-13
035150,7626,4.38,1.08,1882,1.82,150,2023-07-13
002410,3085,0.0,0.99,0,0.0,0,2023-07-13
007210,4254,13.0,0.53,175,1.1,25,2023-07-13
002760,808,31.86,2.01,51,0.43,7,2023-07-13
003850,7833,12.7,1.03,636,1.24,100,2023-07-13
000890,593,0.0,0.99,0,0.0,0,2023-07-13
003000,3845,0.0,1.83,0,0.0,0,2023-07-13
001270,116987,4.48,0.18,4736,7.08,1500,2023-07-13
001275,0,0.0,0.0,0,8.14,1550,2023-07-13
026940,6300,9.59,0.54,355,2.2,75,2023-07-13
011390,55020,30.03,1.34,2451,0.34,250,2023-07-13
005030,316,0.0,1.54,0,0.0,0,2023-07-13
002070,3232,0.0,0.51,0,0.0,0,2023-07-13
100220,16097,0.0,0.31,0,2.02,100,2023-07-13
090460,17692,5.89,1.51,4551,0.93,250,2023-07-13
030790,277,0.0,3.26,0,0.0,0,2023-07-13
005180,65119,15.22,0.68,2905,3.39,1500,2023-07-13
003960,67677,2.68,0.38,9689,1.35,350,2023-07-13
008040,1639,129.88,0.63,8,0.0,0,2023-07-13
007160,102866,2.85,0.39,13998,0.88,350,2023-07-13
014710,13889,9.82,0.34,482,0.84,40,2023-07-13
006090,21856,9.2,0.38,905,1.44,120,2023-07-13
001470,975,0.0,5.0,0,0.0,0,2023-07-13
006400,251948,24.49,2.84,29191,0.14,1030,2023-07-13
006405,0,0.0,0.0,0,0.33,1080,2023-07-13
006660,32070,2.12,0.34,5102,0.74,80,2023-07-13
028260,164524,8.27,0.63,12460,2.23,2300,2023-07-13
02826K,0,0.0,0.0,0,2.64,2350,2023-07-13
207940,126233,65.37,5.93,11442,0.0,0,2023-07-13
032830,124081,7.85,0.56,8817,4.34,3000,2023-07-13
018260,106311,8.33,1.11,14218,2.7,3200,2023-07-13
028050,13741,9.39,2.32,3392,0.0,0,2023-07-13
009150,103702,11.42,1.43,12977,1.42,2100,2023-07-13
009155,0,0.0,0.0,0,3.13,2150,2023-07-13
005930,57822,8.92,1.24,8057,2.01,1444,2023-07-13
005935,0,0.0,0.0,0,2.41,1445,2023-07-13
001360,1528,0.0,1.98,0,0.0,0,2023-07-13
010140,4209,0.0,1.97,0,0.0,0,2023-07-13
010145,0,0.0,0.0,0,0.0,0,2023-07-13
016360,69383,7.48,0.51,4730,4.8,1700,2023-07-13
068290,17559,17.18,1.15,1179,0.99,200,2023-07-13
029780,73934,4.95,0.39,5831,8.67,2500,2023-07-13
000810,276525,7.92,0.86,30113,5.79,13800,2023-07-13
000815,0,0.0,0.0,0,8.0,13805,2023-07-13
006110,12540,79.03,9.86,1564,0.2,250,2023-07-13
145990,136968,6.11,0.31,6872,2.98,1250,2023-07-13
145995,0,0.0,0.0,0,5.13,1300,2023-07-13
003230,60733,11.18,1.96,10665,1.17,1400,2023-07-13
002170,147462,9.42,0.34,5339,2.98,1500,2023-07-13
272550,22869,22.15,0.75,777,4.36,750,2023-07-13
000070,240995,7.77,0.3,9173,4.91,3500,2023-07-13
000075,0,0.0,0.0,0,6.65,3550,2023-07-13
003720,1525,54.38,2.85,80,0.0,0,2023-07-13
002810,26238,4.21,0.49,3054,4.67,600,2023-07-13
005680,26088,10.14,0.35,909,3.25,300,2023-07-13
023000,5807,10.23,0.58,327,3.14,105,2023-07-13
004380,10179,15.83,1.25,804,2.36,300,2023-07-13
002450,3225,6.44,0.37,186,4.18,50,2023-07-13
004440,21073,0.0,0.24,0,0.0,0,2023-07-13
000520,8884,0.0,0.83,0,0.0,0,2023-07-13
009770,85204,0.0,0.31,0,3.77,1000,2023-07-13
005500,20811,12.82,1.06,1728,3.61,800,2023-07-13
004690,410695,7.4,0.26,14387,2.82,3000,2023-07-13
010960,9788,13.68,0.37,265,5.24,190,2023-07-13
004450,65831,0.0,0.57,0,3.17,1200,2023-07-13
009470,10248,13.97,2.2,1611,1.33,300,2023-07-13
011230,1085,0.0,9.64,0,0.0,0,2023-07-13
001820,21828,15.12,1.97,2840,1.16,500,2023-07-13
000390,12654,26.75,0.5,237,3.94,250,2023-07-13
001290,2103,21.94,0.37,35,0.0,0,2023-07-13
041650,9851,105.95,0.4,37,2.55,100,2023-07-13
075180,11978,0.0,0.4,0,2.94,140,2023-07-13
007540,92028,11.53,0.61,4831,0.36,200,2023-07-13
248170,49786,10.32,0.59,2869,0.68,200,2023-07-13
007860,24599,3.24,0.4,3034,1.02,100,2023-07-13
200880,26709,12.04,0.93,2060,0.6,150,2023-07-13
017390,270188,15.0,0.25,4554,2.56,1750,2023-07-13
004410,76,102.0,2.68,2,0.0,0,2023-07-13
004415,0,0.0,0.0,0,0.0,0,2023-07-13
021050,2870,224.17,0.47,6,0.0,0,2023-07-13
008490,37893,9.08,0.73,3056,1.44,400,2023-07-13
007610,3277,0.0,0.92,0,0.0,0,2023-07-13
136490,17831,8.81,0.48,975,1.16,100,2023-07-13
014910,1756,18.13,1.16,112,0.25,5,2023-07-13
014915,0,0.0,0.0,0,0.13,10,2023-07-13
003080,6994,15.88,0.46,204,4.17,135,2023-07-13
004980,16402,0.0,0.54,0,2.25,200,2023-07-13
004985,0,0.0,0.0,0,1.97,250,2023-07-13
011300,458,0.0,4.76,0,0.0,0,2023-07-13
000180,9349,0.0,0.22,0,0.0,0,2023-07-13
002420,5022,0.0,1.46,0,0.0,0,2023-07-13
004360,54430,2.45,0.22,4819,2.54,300,2023-07-13
004365,0,0.0,0.0,0,4.18,305,2023-07-13
004490,91306,14.99,0.53,3222,1.24,600,2023-07-13
001430,52580,11.06,0.54,2572,4.22,1200,2023-07-13
306200,296062,2.66,0.51,56889,3.97,6000,2023-07-13
003030,372105,2.9,0.54,68897,1.13,2250,2023-07-13
019440,40593,7.35,0.4,2185,6.23,1000,2023-07-13
058650,530930,3.55,0.21,31597,3.57,4000,2023-07-13
013000,1597,26.85,0.89,53,0.0,0,2023-07-13
091090,775,0.0,0.33,0,0.0,0,2023-07-13
021820,45187,0.0,0.19,0,0.29,25,2023-07-13
067830,12290,11.15,0.22,243,1.11,30,2023-07-13
033530,14878,137.03,0.59,64,1.14,100,2023-07-13
075580,2993,34.43,2.44,212,2.05,150,2023-07-13
027970,1760,32.82,0.73,39,0.0,0,2023-07-13
068270,28937,41.59,5.39,3751,0.24,375,2023-07-13
336370,15536,0.0,2.28,0,0.28,100,2023-07-13
33637K,0,0.0,0.0,0,1.26,101,2023-07-13
33637L,0,0.0,0.0,0,1.01,100,2023-07-13
248070,5958,28.77,4.61,954,0.0,0,2023-07-13
004430,28443,3.36,0.65,5497,2.71,500,2023-07-13
126720,32090,6.31,0.7,3544,2.68,600,2023-07-13
017550,2566,9.64,1.1,292,0.36,10,2023-07-13
053210,17321,13.81,0.37,470,5.39,350,2023-07-13
026890,6347,14.91,1.01,428,3.13,200,2023-07-13
134790,37778,24.34,0.98,1516,1.08,400,2023-07-13
016590,15417,4.22,0.36,1319,2.25,125,2023-07-13
029530,109950,6.79,0.31,5007,4.41,1500,2023-07-13
004970,35416,10.71,0.27,899,5.19,500,2023-07-13
011930,1036,15.74,2.55,168,0.0,0,2023-07-13
005390,2389,3.82,0.85,533,0.0,0,2023-07-13
004170,418209,4.66,0.46,41282,1.95,3750,2023-07-13
035510,27495,2.08,0.48,6381,3.77,500,2023-07-13
034300,70930,0.0,0.24,0,2.98,500,2023-07-13
031430,23264,5.29,0.75,3313,2.85,500,2023-07-13
031440,75425,0.0,0.56,0,1.77,750,2023-07-13
006880,8832,71.65,1.13,139,1.2,120,2023-07-13
005800,40302,3.9,0.25,2611,1.47,150,2023-07-13
001720,177863,5.17,0.31,10783,7.18,4000,2023-07-13
001725,0,0.0,0.0,0,7.34,4050,2023-07-13
009270,2866,6.45,0.5,224,6.93,100,2023-07-13
002700,1165,118.6,1.53,15,0.56,10,2023-07-13
002870,2895,0.0,0.35,0,4.99,50,2023-07-13
019170,6690,0.0,2.35,0,0.0,0,2023-07-13
019175,0,0.0,0.0,0,0.0,0,2023-07-13
055550,95206,3.94,0.35,8454,6.19,2065,2023-07-13
004080,11398,15.73,1.24,901,1.76,250,2023-07-13
102280,528,0.0,0.51,0,0.0,0,2023-07-13
003410,3172,19.8,1.59,254,8.75,440,2023-07-13
004770,2101,16.32,1.12,144,0.0,0,2023-07-13
015540,69,0.0,92.9,0,0.0,0,2023-07-13
403550,7565,0.0,1.88,0,0.0,0,2023-07-13
004920,1240,0.0,2.23,0,0.0,0,2023-07-13
112610,21158,0.0,4.08,0,0.58,500,2023-07-13
308170,12061,115.04,1.25,131,0.0,0,2023-07-13
008700,1270,11.38,1.62,181,0.0,0,2023-07-13
002790,44015,41.63,0.62,657,0.75,205,2023-07-13
00279K,0,0.0,0.0,0,3.3,667,2023-07-13
002795,0,0.0,0.0,0,2.05,210,2023-07-13
090430,82107,53.1,1.26,1949,0.66,680,2023-07-13
090435,0,0.0,0.0,0,2.08,685,2023-07-13
002030,548397,3.01,0.25,46012,2.71,3750,2023-07-13
183190,24770,5.81,0.38,1631,2.37,225,2023-07-13
002310,89799,3.8,0.45,10540,2.49,1000,2023-07-13
012170,384,0.0,2.11,0,0.0,0,2023-07-13
267850,14410,16.8,0.9,774,3.85,500,2023-07-13
020560,9289,24.06,1.29,498,0.0,0,2023-07-13
122900,11376,13.74,0.85,706,6.19,600,2023-07-13
010780,46278,4.89,0.68,6426,0.0,0,2023-07-13
139990,9135,182.35,1.02,51,0.0,0,2023-07-13
001780,2639,33.74,1.98,155,0.0,0,2023-07-13
018250,13672,41.77,1.93,632,1.17,310,2023-07-13
161000,15115,17.61,1.46,1249,2.5,550,2023-07-13
011090,748,0.0,0.91,0,0.0,0,2023-07-13
137310,28794,1.32,0.41,8997,8.31,990,2023-07-13
005850,35492,11.99,1.14,3360,1.49,600,2023-07-13
010580,603,28.37,4.33,92,0.0,0,2023-07-13
012750,45045,11.8,1.17,4467,4.74,2500,2023-07-13
023960,1320,9.82,1.3,175,0.0,0,2023-07-13
298690,1086,0.0,3.11,0,0.0,0,2023-07-13
078520,4422,186.11,1.52,36,0.0,0,2023-07-13
015260,741,0.0,2.19,0,0.0,0,2023-07-13
007460,923,0.0,1.21,0,0.0,0,2023-07-13
003060,720,18.58,0.49,19,0.0,0,2023-07-13
244920,6449,2.04,0.7,2226,4.41,200,2023-07-13
036570,157391,13.59,1.85,21456,2.29,6680,2023-07-13
380440,0,0.0,0.0,0,0.0,0,2023-07-13
085310,1457,8.21,0.77,136,0.0,0,2023-07-13
097520,17477,22.31,1.65,1293,1.73,500,2023-07-13
014440,8125,11.18,0.47,343,1.3,50,2023-07-13
111770,64162,3.99,0.96,15377,2.5,1530,2023-07-13
009970,176464,2.05,0.44,37988,3.92,3050,2023-07-13
003520,491,0.0,5.05,0,0.0,0,2023-07-13
000670,2272640,2.53,0.24,213453,1.85,10000,2023-07-13
006740,3320,137.37,8.03,194,2.92,779,2023-07-13
012280,1191,111.33,0.84,9,0.0,0,2023-07-13
012160,2456,0.0,0.3,0,0.0,0,2023-07-13
015360,112673,0.0,0.28,0,7.91,2500,2023-07-13
007310,528433,4.7,0.72,80501,2.38,9000,2023-07-13
002630,702,2.38,0.98,288,0.0,0,2023-07-13
271560,64606,12.34,1.9,9926,0.78,950,2023-07-13
001800,35982,8.31,0.4,1712,4.92,700,2023-07-13
011690,518,0.0,2.04,0,0.0,0,2023-07-13
070960,7847,0.0,0.41,0,0.0,0,2023-07-13
316140,39505,2.77,0.29,4191,9.74,1130,2023-07-13
010050,772,6.88,0.94,105,3.19,23,2023-07-13
006980,67491,453.06,0.33,49,0.0,0,2023-07-13
017370,5701,28.89,0.87,171,0.61,30,2023-07-13
105840,7877,24.23,1.47,478,1.3,150,2023-07-13
010400,13930,0.0,0.42,0,0.0,0,2023-07-13
049800,5139,4.16,0.88,1092,1.1,50,2023-07-13
016880,978,13.25,1.4,103,0.0,0,2023-07-13
095720,3142,93.15,0.8,27,4.37,110,2023-07-13
005820,55263,6.34,0.4,3500,1.58,350,2023-07-13
010600,561,0.0,6.49,0,0.0,0,2023-07-13
008600,1522,0.0,0.39,0,0.0,0,2023-07-13
033270,22971,7.75,1.03,3058,1.69,400,2023-07-13
014830,135798,4.21,0.46,14826,3.21,2000,2023-07-13
446070,18122,87.89,0.44,90,0.0,0,2023-07-13
000910,7741,0.0,0.86,0,1.88,125,2023-07-13
047400,1996,0.0,2.15,0,0.82,35,2023-07-13
011330,1678,38.88,0.76,33,1.56,20,2023-07-13
077500,13196,7.92,1.11,1853,1.36,200,2023-07-13
002920,11419,4.17,0.27,741,3.88,120,2023-07-13
000700,13726,4.84,0.43,1218,6.78,400,2023-07-13
003470,8081,12.82,0.33,209,4.1,110,2023-07-13
003475,0,0.0,0.0,0,6.14,160,2023-07-13
072130,4499,20.46,0.84,185,0.0,0,2023-07-13
000220,7144,0.0,0.72,0,2.04,105,2023-07-13
000225,0,0.0,0.0,0,2.06,110,2023-07-13
000227,0,0.0,0.0,0,0.94,110,2023-07-13
001200,10623,25.0,0.4,168,1.43,60,2023-07-13
000100,28354,44.62,2.09,1329,0.67,400,2023-07-13
000105,0,0.0,0.0,0,0.75,410,2023-07-13
003460,10892,35.75,0.22,67,4.59,110,2023-07-13
003465,0,0.0,0.0,0,4.77,120,2023-07-13
008730,13460,0.0,2.44,0,0.76,250,2023-07-13
008250,18762,15.31,0.41,501,1.3,100,2023-07-13
025820,3804,26.08,1.17,171,1.12,50,2023-07-13
214320,42482,11.66,0.97,3530,5.22,2150,2023-07-13
139480,418373,2.09,0.19,37528,2.55,2000,2023-07-13
457190,0,0.0,0.0,0,0.0,0,2023-07-13
007660,3515,19.97,9.2,1620,0.31,100,2023-07-13
005950,11236,25.17,2.28,1019,1.95,500,2023-07-13
015020,1165,0.0,0.73,0,0.0,0,2023-07-13
093230,1584,0.0,0.88,0,0.0,0,2023-07-13
074610,1107,0.0,8.14,0,0.0,0,2023-07-13
102460,13956,38.24,1.14,415,0.95,150,2023-07-13
084680,1742,36.75,0.84,40,0.0,0,2023-07-13
000760,54787,1077.78,0.35,18,0.0,0,2023-07-13
014990,537,0.0,2.13,0,0.0,0,2023-07-13
101140,747,0.0,0.63,0,0.0,0,2023-07-13
006490,567,0.0,2.42,0,0.0,0,2023-07-13
023800,13364,9.69,0.69,947,2.18,200,2023-07-13
034590,48520,8.66,0.53,2956,4.88,1250,2023-07-13
129260,8867,2.39,0.29,1092,4.6,120,2023-07-13
023810,11399,9.08,1.05,1320,1.5,180,2023-07-13
249420,7140,0.0,2.26,0,0.0,0,2023-07-13
000230,1046,0.0,9.46,0,1.01,100,2023-07-13
013360,2224,18.26,0.94,115,0.24,5,2023-07-13
003120,60174,1.81,0.42,14122,15.68,4005,2023-07-13
003200,39009,2.04,0.26,5047,4.85,500,2023-07-13
007110,713,43.4,1.83,30,0.0,0,2023-07-13
007570,12974,16.55,1.32,1036,0.87,150,2023-07-13
007575,0,0.0,0.0,0,1.11,175,2023-07-13
008500,3682,0.0,3.5,0,0.0,0,2023-07-13
081000,28217,0.0,0.68,0,1.56,300,2023-07-13
020760,562,0.0,2.29,0,0.0,0,2023-07-13
103590,9304,17.24,1.21,653,1.15,130,2023-07-13
271940,8667,157.99,3.54,194,0.0,0,2023-07-13
015860,9402,11.65,0.5,400,3.22,150,2023-07-13
226320,20944,0.0,0.66,0,1.08,150,2023-07-13
317400,12735,2.49,0.48,2447,4.92,300,2023-07-13
033240,17892,0.0,1.77,0,0.0,0,2023-07-13
000950,184874,0.47,0.15,59197,3.6,1000,2023-07-13
194370,20205,2.84,0.72,5118,5.84,850,2023-07-13
025620,10836,0.0,0.59,0,0.0,0,2023-07-13
030000,11967,9.6,1.53,1913,6.26,1150,2023-07-13
271980,10837,0.0,1.72,0,0.27,50,2023-07-13
001560,12792,26.87,0.62,297,3.38,270,2023-07-13
002620,22003,0.0,0.56,0,0.4,50,2023-07-13
006220,16243,18.6,0.73,636,0.85,100,2023-07-13
089590,3986,0.0,3.7,0,0.0,0,2023-07-13
004910,16695,0.0,0.41,0,1.47,100,2023-07-13
004700,106403,28.96,0.46,1706,0.0,0,2023-07-13
001550,11842,9.27,1.3,1664,0.0,0,2023-07-13
000480,21609,16.58,0.98,1279,2.12,450,2023-07-13
120030,134669,11.52,0.89,10425,1.25,1500,2023-07-13
018470,1476,21.41,2.06,142,0.0,0,2023-07-13
002600,256975,11.02,0.8,18552,3.18,6500,2023-07-13
185750,51191,11.82,1.53,6625,1.28,1000,2023-07-13
063160,26941,0.0,0.87,0,0.0,0,2023-07-13
001630,108745,215.3,0.43,219,2.97,1400,2023-07-13
044380,730,0.0,0.94,0,0.0,0,2023-07-13
013890,34132,15.38,0.75,1658,2.08,530,2023-07-13
013870,13567,7.84,0.36,621,1.64,80,2023-07-13
071320,143557,0.0,0.19,0,0.0,0,2023-07-13
035000,10892,5.69,0.56,1077,6.53,400,2023-07-13
088790,8369,7.1,0.31,367,2.69,70,2023-07-13
003780,3941,13.9,1.66,472,3.05,200,2023-07-13
010640,3071,15.76,1.79,349,3.64,200,2023-07-13
100250,6258,7.41,0.54,452,5.97,200,2023-07-13
051630,2199,0.0,1.57,0,0.0,0,2023-07-13
272450,2116,0.0,7.84,0,0.0,0,2023-07-13
011000,2340,0.0,1.72,0,0.0,0,2023-07-13
002780,1545,3.71,0.82,341,0.0,0,2023-07-13
002787,0,0.0,0.0,0,0.0,0,2023-07-13
002785,0,0.0,0.0,0,0.0,0,2023-07-13
009310,1317,0.0,0.53,0,0.0,0,2023-07-13
000650,18651,0.0,2.77,0,0.0,0,2023-07-13
012600,1111,0.0,2.24,0,0.0,0,2023-07-13
033250,895,0.0,1.11,0,0.0,0,2023-07-13
035720,22893,16.71,2.27,3106,0.12,60,2023-07-13
323410,11988,45.75,2.11,553,0.32,80,2023-07-13
377300,13583,124.32,3.73,407,0.0,0,2023-07-13
006380,665,0.0,1.07,0,0.0,0,2023-07-13
109070,402,0.0,10.2,0,0.0,0,2023-07-13
001620,1765,13.72,0.36,46,0.0,0,2023-07-13
029460,58058,2.37,0.33,8092,1.82,350,2023-07-13
281820,20995,8.25,1.06,2692,1.13,250,2023-07-13
381970,5112,20.94,2.58,631,5.75,760,2023-07-13
007815,0,0.0,0.0,0,0.0,0,2023-07-13
007810,20204,6.85,0.85,2507,0.0,0,2023-07-13
00781K,0,0.0,0.0,0,0.0,0,2023-07-13
003690,22976,5.92,0.29,1132,6.42,430,2023-07-13
192820,51220,48.53,1.74,1838,0.0,0,2023-07-13
044820,31502,0.0,0.29,0,0.0,0,2023-07-13
005070,8199,206.8,23.0,912,0.0,0,2023-07-13
005420,6118,165.57,9.04,334,0.0,0,2023-07-13
071950,562,0.0,1.34,0,0.0,0,2023-07-13
002020,76319,1.9,0.25,10012,2.89,550,2023-07-13
003070,22544,2.4,0.61,5710,2.92,400,2023-07-13
003075,0,0.0,0.0,0,2.33,450,2023-07-13
450140,0,0.0,0.0,0,0.0,0,2023-07-13
45014K,0,0.0,0.0,0,0.0,0,2023-07-13
002025,0,0.0,0.0,0,4.19,600,2023-07-13
120110,94856,8.73,0.55,5934,2.51,1300,2023-07-13
120115,0,0.0,0.0,0,5.09,1350,2023-07-13
138490,6728,9.91,1.38,939,1.93,180,2023-07-13
021240,31887,7.08,1.4,6314,2.91,1300,2023-07-13
036420,9617,0.0,1.73,0,0.0,0,2023-07-13
031820,1259,4.45,0.71,201,0.0,0,2023-07-13
192400,31140,4.27,0.51,3755,4.99,800,2023-07-13
284740,31261,4.49,0.74,5118,3.04,700,2023-07-13
015590,475,20.92,2.16,49,0.0,0,2023-07-13
264900,16001,4.22,0.56,2116,2.8,250,2023-07-13
26490K,0,0.0,0.0,0,2.37,252,2023-07-13
005740,20510,10.77,0.29,559,1.66,100,2023-07-13
005745,0,0.0,0.0,0,1.04,105,2023-07-13
259960,108962,18.02,1.76,10666,0.0,0,2023-07-13
020120,7338,0.0,0.98,0,0.7,50,2023-07-13
039490,183566,5.03,0.49,17919,3.33,3000,2023-07-13
014580,6444,9.92,1.31,850,1.54,130,2023-07-13
015890,10077,6.77,0.78,1154,3.84,300,2023-07-13
006890,12992,18.73,1.13,782,1.37,200,2023-07-13
003240,4906107,1.48,0.12,406090,0.29,1750,2023-07-13
011280,4948,10.34,0.53,253,1.91,50,2023-07-13
004100,3058,0.0,0.55,0,0.3,5,2023-07-13
004105,0,0.0,0.0,0,0.35,10,2023-07-13
009410,19502,2.43,0.2,1607,5.76,225,2023-07-13
009415,0,0.0,0.0,0,3.85,230,2023-07-13
001420,4033,0.0,1.25,0,0.99,50,2023-07-13
007980,4369,3.16,0.4,548,1.73,30,2023-07-13
055490,31365,12.73,1.63,4013,1.76,900,2023-07-13
078000,19820,12.92,0.45,688,6.75,600,2023-07-13
214420,3871,0.0,1.34,0,0.0,0,2023-07-13
019180,4827,0.0,0.74,0,1.41,50,2023-07-13
363280,42418,2.91,0.18,2579,2.0,150,2023-07-13
36328K,0,0.0,0.0,0,1.91,175,2023-07-13
091810,371,0.0,8.84,0,0.0,0,2023-07-13
004870,1505,0.88,0.41,697,0.0,0,2023-07-13
005690,1328,39.62,5.43,182,0.0,0,2023-07-13
036580,7532,0.0,0.54,0,1.23,50,2023-07-13
004720,13118,1.31,0.45,4498,0.0,0,2023-07-13
028670,8404,4.06,0.61,1267,2.91,150,2023-07-13
010820,1183,112.7,3.52,37,0.0,0,2023-07-13
016800,52783,45.74,0.56,646,3.72,1100,2023-07-13
001020,1297,0.0,0.68,0,0.0,0,2023-07-13
090080,755,14.44,2.12,111,0.0,0,2023-07-13
010770,7178,0.0,0.54,0,3.88,150,2023-07-13
058430,57026,14.64,0.97,3785,1.58,875,2023-07-13
047050,32288,9.58,1.42,4780,2.18,1000,2023-07-13
003670,31922,254.42,12.17,1527,0.08,300,2023-07-13
017810,11212,0.0,0.93,0,0.98,102,2023-07-13
103140,67365,6.56,0.62,6395,2.38,1000,2023-07-13
005810,99583,4.96,0.38,7614,3.44,1300,2023-07-13
009810,685,53.21,1.09,14,0.0,0,2023-07-13
086790,124935,3.23,0.31,11803,8.78,3350,2023-07-13
293480,15515,9.82,0.89,1405,3.7,510,2023-07-13
039130,7960,0.0,6.42,0,0.0,0,2023-07-13
352820,66995,204.74,3.87,1265,0.0,0,2023-07-13
071090,7380,7.48,0.58,574,0.47,20,2023-07-13
019490,1353,0.0,1.83,0,0.0,0,2023-07-13
000080,16906,16.8,1.24,1250,4.52,950,2023-07-13
000087,0,0.0,0.0,0,6.22,1000,2023-07-13
000140,26118,6.47,0.35,1427,5.42,500,2023-07-13
000145,0,0.0,0.0,0,4.46,550,2023-07-13
036460,118693,1.48,0.22,17317,0.0,0,2023-07-13
005430,110940,20.39,0.35,1888,0.0,0,2023-07-13
071050,145614,4.63,0.35,10900,4.55,2300,2023-07-13
071055,0,0.0,0.0,0,5.95,2362,2023-07-13
010040,6218,161.52,0.6,23,1.21,45,2023-07-13
025540,84382,12.89,0.72,4723,1.15,700,2023-07-13
010100,9592,3.58,0.41,1095,1.78,70,2023-07-13
004090,13490,11.38,0.76,906,1.07,110,2023-07-13
002200,7340,5.66,0.41,531,2.66,80,2023-07-13
002960,86889,10.8,2.55,20555,8.11,18000,2023-07-13
000240,40622,6.68,0.29,1749,5.56,650,2023-07-13
123890,7620,3.42,0.4,885,7.27,220,2023-07-13
015760,63158,0.0,0.33,0,0.0,0,2023-07-13
006200,3242,3.35,0.38,369,4.05,50,2023-07-13
023350,14302,18.14,0.46,365,1.51,100,2023-07-13
025890,2671,20.13,1.16,154,0.0,0,2023-07-13
000970,15912,13.08,0.46,559,5.47,400,2023-07-13
104700,20372,3.08,0.31,2055,4.74,300,2023-07-13
017960,9394,28.96,1.45,471,0.95,130,2023-07-13
161890,29024,0.0,1.6,0,1.08,500,2023-07-13
024720,33447,0.0,0.4,0,2.26,300,2023-07-13
161390,72196,6.4,0.5,5658,2.21,800,2023-07-13
034830,4503,12.33,0.29,106,6.89,90,2023-07-13
007280,3322,2.89,0.6,687,0.0,0,2023-07-13
047810,14648,44.86,3.72,1215,0.46,250,2023-07-13
123690,1409,172.97,4.54,37,0.0,0,2023-07-13
003350,13033,23.9,2.04,1113,0.38,100,2023-07-13
011500,9977,36.19,2.03,561,0.59,120,2023-07-13
002390,27596,17.94,0.5,776,2.87,400,2023-07-13
053690,17414,11.8,1.66,2449,1.9,550,2023-07-13
042700,4008,43.88,10.28,939,0.49,200,2023-07-13
008930,10673,31.09,2.94,1010,0.64,200,2023-07-13
128940,70131,41.29,3.91,6648,0.18,500,2023-07-13
009240,28093,0.0,1.57,0,1.81,800,2023-07-13
020000,60819,3.99,0.37,5599,3.36,750,2023-07-13
003680,9257,21.88,0.59,250,0.0,0,2023-07-13
105630,13687,8.66,1.38,2182,2.65,500,2023-07-13
069640,1408,0.0,1.84,0,0.0,0,2023-07-13
016450,10535,8.9,0.46,543,5.18,250,2023-07-13
010420,2311,18.54,0.74,92,1.47,25,2023-07-13
009180,3726,2.95,0.7,882,2.69,70,2023-07-13
213500,31224,3.47,0.34,3104,6.5,700,2023-07-13
014680,70184,15.43,3.1,14099,0.97,2100,2023-07-13
004710,9749,16.88,0.81,468,1.27,100,2023-07-13
004150,13522,2.68,0.23,1144,3.91,120,2023-07-13
025750,1903,0.0,0.55,0,0.0,0,2023-07-13
004960,63050,2.05,0.13,3928,3.72,300,2023-07-13
011700,2861,0.0,2.05,0,0.17,10,2023-07-13
001750,36091,4.77,0.25,1858,9.03,800,2023-07-13
001755,0,0.0,0.0,0,7.08,850,2023-07-13
018880,4190,244.74,2.22,38,3.87,360,2023-07-13
009420,3319,3982.0,6.0,5,0.0,0,2023-07-13
014130,8649,9.45,0.63,581,2.37,130,2023-07-13
300720,20910,10.25,0.56,1138,4.97,580,2023-07-13
002220,7065,0.0,0.47,0,0.9,30,2023-07-13
006390,18827,8.67,0.91,1971,3.51,600,2023-07-13
003300,46069,4.03,0.25,2904,6.84,800,2023-07-13
051600,27016,15.36,1.27,2226,3.82,1305,2023-07-13
052690,14284,171.61,5.67,472,0.35,283,2023-07-13
130660,2947,18.86,3.19,499,2.42,228,2023-07-13
002320,96471,5.82,0.2,3290,3.13,600,2023-07-13
003480,13021,6.51,0.28,563,2.73,100,2023-07-13
180640,37047,4.42,1.21,10143,0.38,170,2023-07-13
18064K,0,0.0,0.0,0,0.75,195,2023-07-13
005110,275,0.0,1.65,0,0.0,0,2023-07-13
009460,1851,61.14,0.69,21,1.56,20,2023-07-13
372910,4596,17.42,1.26,333,0.0,0,2023-07-13
000880,70822,2.22,0.44,14169,2.38,750,2023-07-13
00088K,0,0.0,0.0,0,5.26,800,2023-07-13
452260,0,0.0,0.0,0,0.0,0,2023-07-13
45226K,0,0.0,0.0,0,0.0,0,2023-07-13
088350,9020,2.9,0.27,855,0.0,0,2023-07-13
000370,1426,2.17,2.83,1856,0.0,0,2023-07-13
009830,47292,24.05,0.95,1873,0.0,0,2023-07-13
009835,0,0.0,0.0,0,0.0,0,2023-07-13
272210,10697,0.0,1.61,0,1.45,250,2023-07-13
012450,56612,35.62,2.49,3964,0.71,1000,2023-07-13
042660,6945,0.0,6.98,0,0.0,0,2023-07-13
000885,0,0.0,0.0,0,2.4,800,2023-07-13
003530,7273,0.0,0.35,0,0.0,0,2023-07-13
003535,0,0.0,0.0,0,0.0,0,2023-07-13
195870,26311,6.74,2.4,9376,1.42,900,2023-07-13
101530,9537,0.0,0.62,0,3.37,200,2023-07-13
143210,9053,0.0,0.36,0,0.0,0,2023-07-13
000720,69028,10.16,0.54,3637,1.62,600,2023-07-13
000725,0,0.0,0.0,0,1.08,650,2023-07-13
453340,0,0.0,0.0,0,0.0,0,2023-07-13
086280,183094,6.14,1.06,31729,2.93,5700,2023-07-13
064350,13930,21.05,2.74,1812,0.0,0,2023-07-13
079430,21802,0.0,0.38,0,0.0,0,2023-07-13
012330,410816,8.58,0.57,27163,1.72,4000,2023-07-13
010620,53525,0.0,1.72,0,0.0,0,2023-07-13
069960,209760,8.19,0.26,6593,2.41,1300,2023-07-13
004560,34806,8.83,0.43,1715,0.66,100,2023-07-13
004565,0,0.0,0.0,0,2.3,150,2023-07-13
004310,3144,0.0,1.25,0,0.76,30,2023-07-13
017800,28992,21.13,1.4,1924,1.23,500,2023-07-13
307950,53924,35.27,2.72,4154,0.78,1140,2023-07-13
011210,124563,26.63,0.53,2463,1.07,700,2023-07-13
004020,142260,4.36,0.24,7736,2.96,1000,2023-07-13
005440,20860,5.55,0.17,640,5.91,210,2023-07-13
005380,407147,7.14,0.5,28521,3.44,7000,2023-07-13
005387,0,0.0,0.0,0,6.44,7100,2023-07-13
005389,0,0.0,0.0,0,6.63,7050,2023-07-13
005385,0,0.0,0.0,0,6.48,7050,2023-07-13
001500,38617,3.21,0.22,2654,6.46,550,2023-07-13
011760,36053,3.4,0.62,6554,2.69,600,2023-07-13
227840,25341,3.15,0.47,3810,4.17,500,2023-07-13
126560,6836,0.0,0.43,0,3.07,90,2023-07-13
001450,53896,4.16,0.55,7099,6.66,1965,2023-07-13
057050,171103,6.04,0.27,7541,5.71,2600,2023-07-13
093240,2200,5.33,0.63,262,0.0,0,2023-07-13
003010,10052,0.0,0.62,0,0.97,60,2023-07-13
111110,14510,2.98,0.6,2932,3.43,300,2023-07-13
008770,14543,0.0,5.18,0,0.27,200,2023-07-13
008775,0,0.0,0.0,0,0.49,250,2023-07-13
002460,39046,4.56,0.26,2229,4.92,500,2023-07-13
378850,4879,7.02,0.96,668,1.07,50,2023-07-13
241590,8870,0.0,0.98,0,0.52,45,2023-07-13
006060,6884,218.82,0.54,17,5.05,188,2023-07-13
013520,3752,33.1,0.56,63,2.4,50,2023-07-13
010690,10839,9.47,1.97,2254,0.47,100,2023-07-13
133820,2628,0.0,0.98,0,0.0,0,2023-07-13
010660,6506,23.97,0.66,180,0.7,30,2023-07-13
000850,156939,2.22,0.24,17039,6.61,2500,2023-07-13
016580,21845,8.87,0.64,1567,2.16,300,2023-07-13
032560,19636,3.61,0.44,2380,2.33,200,2023-07-13
004800,128334,75.32,0.46,786,7.6,4500,2023-07-13
094280,5956,10.09,2.12,1254,5.93,750,2023-07-13
298040,104660,128.81,1.35,1097,0.0,0,2023-07-13
298050,158341,16.08,2.85,28053,3.33,15000,2023-07-13
298020,283313,131.42,1.25,2686,2.83,10000,2023-07-13
298000,36068,0.0,2.51,0,0.0,0,2023-07-13
093370,3882,12.99,3.5,1047,0.15,20,2023-07-13
081660,31226,6.75,1.24,5720,4.09,1580,2023-07-13
005870,11026,8.36,0.54,707,0.0,0,2023-07-13
079980,11585,0.0,0.38,0,0.0,0,2023-07-13
005010,16181,1.19,0.42,5675,5.17,350,2023-07-13
000540,11208,1.41,0.27,2142,0.0,0,2023-07-13
000547,0,0.0,0.0,0,0.0,0,2023-07-13
000545,0,0.0,0.0,0,0.0,0,2023-07-13
003280,544,29.73,5.14,94,0.0,0,2023-07-13
