티커,시가,고가,저가,종가,거래량,거래대금,등락률,s_date
095570,4350,4350,4300,4310,44623,192557645,0.0,2023-07-13
006840,20100,20100,19510,19980,10685,211567270,0.2,2023-07-13
027410,3710,3760,3695,3700,124889,464653835,0.0,2023-07-13
282330,169400,177600,168900,174900,64588,11253752728,3.86,2023-07-13
138930,6720,6790,6700,6730,1134018,7638507660,0.6,2023-07-13
001460,412000,412000,405500,411000,111,45654500,0.98,2023-07-13
001465,143200,143900,143200,143400,112,16081600,0.63,2023-07-13
001040,62600,63300,61200,61600,246611,15257541000,-1.28,2023-07-13
079160,9310,9410,8960,9250,509939,4651870500,-0.64,2023-07-13
00104K,55000,55400,52800,53700,14750,795689100,-2.36,2023-07-13
000120,73500,73800,72000,72100,60147,4361174600,-0.96,2023-07-13
011150,3270,3335,3270,3305,131173,434139620,0.15,2023-07-13
011155,22300,22600,22300,22300,60,1349050,1.36,2023-07-13
001045,43550,43550,43100,43200,845,36470400,0.12,2023-07-13
097950,280500,282500,277000,277000,50106,13969892500,0.36,2023-07-13
097955,132000,132300,131100,131900,1856,244260000,0.46,2023-07-13
000590,62600,62900,61100,61400,4679,289392600,1.32,2023-07-13
012030,2155,2190,2130,2180,1909106,4137370400,0.69,2023-07-13
016610,3995,4045,3995,4000,27471,110491015,0.13,2023-07-13
005830,74000,74800,72300,72300,231829,16969489600,-0.82,2023-07-13
000990,61500,61600,60400,60700,502216,30570052400,-0.82,2023-07-13
000995,23050,24900,22000,22050,28389,633121850,-34.18,2023-07-13
139130,7410,7470,7300,7330,609217,4496463430,-0.27,2023-07-13
001530,21900,21950,21400,21500,75481,1626613200,-0.92,2023-07-13
000210,38700,39250,37800,37900,86674,3319103050,-0.92,2023-07-13
001880,13140,13290,13120,13140,9163,120742450,0.15,2023-07-13
000215,23150,23150,22700,22750,1034,23590450,0.44,2023-07-13
375500,31600,31850,31250,31500,206444,6497580100,0.32,2023-07-13
37550L,23200,23200,22600,22600,1516,34549700,-0.66,2023-07-13
37550K,19990,20000,19480,19600,1808,35463090,0.62,2023-07-13
007340,102700,102800,97000,97500,67479,6641094100,-4.97,2023-07-13
004840,5440,5550,5390,5400,15343,83626410,-0.18,2023-07-13
155660,4925,4930,4835,4930,25509,125225360,0.2,2023-07-13
069730,4700,4755,4670,4755,19927,93712295,1.49,2023-07-13
017940,50400,50500,49850,50200,4932,247188900,0.4,2023-07-13
365550,3950,3995,3895,3995,143311,563759730,2.17,2023-07-13
383220,119600,120900,117000,117500,169960,20056009500,-0.76,2023-07-13
007700,19500,19860,19350,19500,20978,409845100,0.1,2023-07-13
114090,14670,14810,14430,14430,398223,5784837270,-1.7,2023-07-13
078930,37050,37700,37000,37050,250391,9341519600,0.41,2023-07-13
006360,14250,14290,14090,14250,2323019,32952658420,0.21,2023-07-13
001250,2785,2820,2755,2760,646930,1797385665,-0.72,2023-07-13
007070,21850,22450,21850,21900,355043,7851016750,0.23,2023-07-13
078935,33800,33950,33500,33950,860,29093050,0.89,2023-07-13
012630,6120,6180,6100,6120,27969,171389940,-0.16,2023-07-13
039570,8180,8290,8180,8230,3746,30898030,0.61,2023-07-13
089470,4450,4450,4390,4400,54047,238313260,-0.9,2023-07-13
294870,10850,10920,10750,10820,236415,2560823730,-0.18,2023-07-13
009540,127900,129200,125700,129000,339359,43422704100,0.78,2023-07-13
267250,60000,60400,59500,59500,148238,8860909000,-0.34,2023-07-13
267270,85400,85800,81700,83900,207364,17243725500,-0.71,2023-07-13
322000,37850,38800,37700,38650,75455,2893099400,3.76,2023-07-13
042670,12250,12250,11800,11920,2970772,35388741970,-1.81,2023-07-13
267260,69600,69700,66600,69300,425077,29128467300,-0.14,2023-07-13
329180,143100,146400,141200,145500,188898,27264113300,1.96,2023-07-13
097230,4600,4770,4600,4620,180455,842893880,0.43,2023-07-13
014790,2585,2630,2565,2580,26428,68266860,-0.19,2023-07-13
003580,4500,4640,4500,4575,87656,401713525,1.67,2023-07-13
204320,52500,52700,51100,51500,377562,19469685900,-1.15,2023-07-13
060980,35700,35900,35050,35200,30467,1074662050,-1.95,2023-07-13
011200,19000,19450,18970,19250,1837631,35406643690,1.91,2023-07-13
082740,12090,12170,11750,12080,832680,9976705080,0.0,2023-07-13
003560,0,0,0,239,0,0,0.0,2023-07-13
175330,8250,8330,8180,8190,430354,3544359110,0.24,2023-07-13
234080,13280,13560,13180,13550,19634,263693060,2.03,2023-07-13
001060,28600,30500,28500,30450,961080,28758874300,8.56,2023-07-13
001067,62000,62000,59800,60000,561,33754200,-2.44,2023-07-13
001065,31900,32700,31250,32500,1755,56749700,4.0,2023-07-13
096760,3350,3490,3350,3480,134856,464743830,3.88,2023-07-13
105560,47850,47900,47100,47100,1915048,90558360552,0.21,2023-07-13
432320,4285,4390,4280,4370,141007,611389140,1.86,2023-07-13
002380,193400,213500,193400,210000,104214,21681492000,8.58,2023-07-13
344820,43750,43850,43400,43800,26388,1151339250,0.11,2023-07-13
009070,4245,4290,4145,4165,133129,559695875,-1.88,2023-07-13
009440,3685,3700,3635,3660,86519,316786395,0.0,2023-07-13
119650,2240,2270,2200,2255,273136,611604920,0.22,2023-07-13
092220,1909,1916,1900,1902,2272668,4334779540,-0.37,2023-07-13
003620,8580,8650,8380,8580,985089,8354470090,-0.23,2023-07-13
016380,9030,9050,8870,8890,345422,3081240820,-0.78,2023-07-13
001390,48400,50600,47500,50500,586926,28816788200,4.45,2023-07-13
033180,0,0,0,442,0,0,0.0,2023-07-13
001940,17570,18090,17450,18010,8874,157936340,3.27,2023-07-13
025000,46000,46250,45800,46100,2394,110367600,0.22,2023-07-13
092230,50500,50800,50300,50400,547,27621700,0.0,2023-07-13
000040,548,556,546,549,158554,87199418,0.18,2023-07-13
044450,9410,9500,9190,9270,176461,1640060810,-0.43,2023-07-13
030200,29500,29800,29450,29700,748515,22219515750,1.37,2023-07-13
033780,82300,83400,82300,82700,424884,35199448000,0.85,2023-07-13
058850,3395,3430,3360,3405,321697,1090710810,1.64,2023-07-13
058860,3070,3145,3070,3120,221238,687406340,2.13,2023-07-13
093050,15450,15490,15120,15200,33098,504899110,-0.72,2023-07-13
003550,85700,86600,85000,85200,251748,21583679600,-0.58,2023-07-13
034220,14890,15260,14850,15080,1523819,23018370430,2.03,2023-07-13
051900,463500,469500,461000,461000,81264,37700468000,0.44,2023-07-13
051905,184400,186600,182600,183700,8019,1479173100,0.22,2023-07-13
373220,535000,544000,534000,542000,503736,271736992000,1.5,2023-07-13
003555,65400,65400,64700,65200,4203,273188500,-0.15,2023-07-13
032640,10550,10690,10530,10690,778995,8267191040,1.33,2023-07-13
011070,294500,296500,291000,293000,161058,47201994500,0.17,2023-07-13
066570,121500,123800,121400,121400,952933,116269755400,1.0,2023-07-13
066575,53200,53900,53200,53700,29253,1566403600,2.09,2023-07-13
037560,4450,4515,4410,4420,573000,2556243290,-1.78,2023-07-13
051910,654000,677000,653000,670000,488183,326491367050,2.6,2023-07-13
051915,362000,371000,362000,368000,31253,11487294500,0.82,2023-07-13
079550,89400,89400,86900,87100,167323,14631655600,-1.58,2023-07-13
006260,94400,94400,91400,91900,242117,22309637400,-2.03,2023-07-13
010120,92300,92700,88100,91800,235275,21396205100,0.11,2023-07-13
000680,2815,2815,2775,2800,25174,70133840,-0.36,2023-07-13
229640,6940,6950,6880,6920,54302,375423800,-0.14,2023-07-13
108320,124000,124100,120300,122200,122727,14944490500,-0.65,2023-07-13
001120,35900,35900,34800,35550,412728,14613762500,0.14,2023-07-13
108670,46650,47250,46250,46300,39243,1826669000,0.11,2023-07-13
108675,19710,20000,19590,19980,3301,65290000,-0.05,2023-07-13
383800,7940,7950,7850,7930,57199,452579510,0.76,2023-07-13
38380K,10150,10150,9900,9990,3482,34736700,0.0,2023-07-13
023150,7240,7960,7180,7280,485025,3690349720,1.39,2023-07-13
035420,204500,206500,199500,199700,941626,189725564871,-1.14,2023-07-13
181710,24150,24300,23600,23800,68393,1635688750,-0.42,2023-07-13
400760,3330,3415,3330,3415,49514,167452800,1.94,2023-07-13
005940,9410,9570,9330,9520,646838,6147496810,1.6,2023-07-13
005945,9120,9180,9110,9160,22043,201454860,0.55,2023-07-13
338100,4285,4285,4155,4165,54488,227357775,-0.83,2023-07-13
034310,11500,11650,11470,11560,15881,183452950,0.61,2023-07-13
008260,7410,7560,7320,7360,91056,674307800,-1.6,2023-07-13
004250,6610,6720,6590,6590,109871,729148090,-0.15,2023-07-13
004255,3060,3065,3050,3060,6672,20395850,0.16,2023-07-13
456040,147600,161500,144800,156700,692507,107319500000,10.04,2023-07-13
010060,112500,117000,111500,116000,181240,20869194900,4.98,2023-07-13
178920,35600,35600,34700,34850,170272,5974419450,0.0,2023-07-13
005490,424000,431500,417500,431500,2320901,987813402500,3.35,2023-07-13
010950,67200,67900,66600,66600,467880,31449156600,0.0,2023-07-13
010955,48600,48600,47900,48300,9110,438344000,0.73,2023-07-13
034120,29300,29400,29200,29200,41573,1216194450,-0.34,2023-07-13
005090,24800,25800,24700,25650,74213,1884763700,3.43,2023-07-13
001380,1345,1346,1325,1330,55531,74194714,0.38,2023-07-13
004060,525,536,518,520,394391,207296312,0.0,2023-07-13
001770,28200,28200,25800,26150,5098,133893850,0.38,2023-07-13
002360,707,717,707,710,269187,191459031,0.14,2023-07-13
009160,5040,5070,4980,4995,142352,713922660,-0.1,2023-07-13
123700,4590,4620,4545,4575,97117,445360190,0.11,2023-07-13
025530,4475,4545,4290,4320,100646,441645095,-3.36,2023-07-13
034730,149400,150100,147100,147500,261581,38692391100,-0.41,2023-07-13
011790,101800,103500,100000,100000,298180,30151693900,-1.09,2023-07-13
018670,121100,122000,119600,119800,7673,923092700,-1.07,2023-07-13
001740,5450,5520,5400,5480,2009494,10956922300,1.11,2023-07-13
001745,8520,8520,6700,6700,51253,376969010,-44.86,2023-07-13
006120,34900,35500,34850,35250,20487,723092050,1.73,2023-07-13
006125,27450,28150,27300,27550,8664,239172050,-0.54,2023-07-13
210980,20950,22150,20700,22000,107636,2340656850,6.28,2023-07-13
068400,10120,10450,10120,10420,96717,999458250,3.07,2023-07-13
395400,5010,5070,4960,5010,101723,509207270,0.8,2023-07-13
302440,75600,76900,75600,75900,168016,12816492200,0.93,2023-07-13
326030,74300,76900,74200,75700,198865,15067645200,2.71,2023-07-13
402340,46300,46800,45650,46250,348701,16153365250,0.87,2023-07-13
361610,91700,92500,89600,90300,505145,45741490600,-0.77,2023-07-13
100090,21650,21650,21050,21500,574936,12342463750,0.23,2023-07-13
03473K,132900,132900,131500,132000,688,90911600,0.38,2023-07-13
096770,167200,168400,164800,165400,662762,110017328300,-0.36,2023-07-13
096775,107600,108800,106800,106800,6675,718225700,-1.11,2023-07-13
001510,670,677,667,669,1119211,752844538,0.15,2023-07-13
001515,2385,2395,2345,2370,18269,43210855,-0.63,2023-07-13
285130,65600,67300,65400,65900,51550,3427320100,1.38,2023-07-13
28513K,29850,30500,29850,30200,4505,136486450,0.67,2023-07-13
017670,45900,46300,45800,45900,495810,22833624450,0.0,2023-07-13
000660,115400,117000,113600,114100,3421492,392887316500,-1.13,2023-07-13
003570,10580,10590,10330,10440,66145,688238380,-0.57,2023-07-13
064960,53500,53600,52000,52400,59717,3123925600,-1.5,2023-07-13
100840,24400,24600,23150,23600,55881,1333640850,-0.63,2023-07-13
036530,16080,16240,15900,15980,7409,118294830,-0.62,2023-07-13
005610,68200,68200,67200,67500,7871,531057700,0.0,2023-07-13
011810,13280,13920,12800,12920,3022522,40155579930,-3.87,2023-07-13
077970,15540,16180,15370,15660,251205,3979143980,2.49,2023-07-13
071970,9370,9380,8880,8900,703425,6404091150,-3.68,2023-07-13
002820,2880,2935,2850,2870,19382,55932500,-0.35,2023-07-13
084870,1882,1904,1880,1897,21487,40563931,0.8,2023-07-13
002710,50300,53100,49000,51800,1687146,86030789050,0.19,2023-07-13
069260,22400,22600,22200,22300,108776,2436973000,-0.22,2023-07-13
002900,7520,7600,7290,7360,367289,2719094340,-2.77,2023-07-13
024070,2915,2930,2880,2930,10595,30835295,2.09,2023-07-13
037270,5860,5950,5800,5820,826937,4839872610,0.17,2023-07-13
000500,22100,22100,20950,21250,71256,1521812200,-1.85,2023-07-13
000860,23400,23900,23200,23200,13237,311456100,-1.28,2023-07-13
035250,17340,17460,17100,17170,759911,13085658540,-0.81,2023-07-13
011420,2450,2470,2265,2275,1442637,3453118000,-5.6,2023-07-13
002100,10080,10190,9970,10190,17435,175874270,1.19,2023-07-13
009450,54700,54700,51600,52100,111525,5867917000,-4.05,2023-07-13
267290,19880,20300,19780,20150,12217,245454680,1.36,2023-07-13
012320,86700,89500,86600,87200,20094,1767083500,0.81,2023-07-13
000050,9690,9690,9500,9500,5509,52477680,-0.11,2023-07-13
214390,6760,6970,6730,6790,51114,350320730,0.89,2023-07-13
012610,4930,4970,4880,4905,145346,715553775,-1.01,2023-07-13
009140,26450,26550,25750,25750,1822,47668600,-2.65,2023-07-13
013580,16350,16350,16110,16190,29445,476926440,-0.67,2023-07-13
012200,2205,2235,2180,2180,35454,77880695,-0.23,2023-07-13
012205,4105,4150,4105,4140,3688,15188470,0.85,2023-07-13
002140,3890,4000,3890,3950,236017,930578790,1.28,2023-07-13
010130,460000,470000,458500,462500,56643,26298211500,1.98,2023-07-13
002240,19130,19210,19020,19100,10596,202611960,0.0,2023-07-13
009290,6410,6640,6410,6480,95379,624755010,1.25,2023-07-13
017040,2915,2970,2830,2955,1324587,3845929940,2.78,2023-07-13
017900,2960,2980,2855,2875,1495965,4352384390,-4.01,2023-07-13
037710,32650,33200,32650,32700,4414,145500900,0.15,2023-07-13
030610,5060,5150,5000,5090,64536,326206970,0.99,2023-07-13
339770,8340,8400,8300,8350,11291,94227140,0.12,2023-07-13
007690,55400,55400,52900,54400,51139,2785851000,-0.73,2023-07-13
005320,1038,1057,1037,1048,154705,162596939,1.16,2023-07-13
001140,6870,7700,6750,7020,1542305,11135063160,2.18,2023-07-13
002720,4030,4110,4030,4065,61783,252037910,0.87,2023-07-13
083420,8800,8940,8760,8810,69826,615764000,0.11,2023-07-13
014530,4350,4420,3855,4030,2083114,8567779935,-7.14,2023-07-13
014280,7190,7280,6820,6860,1344594,9507486680,-5.25,2023-07-13
014285,10950,10950,10790,10890,1744,19007830,-1.0,2023-07-13
008870,86400,87800,81200,85300,12052,1012061600,-1.27,2023-07-13
001570,89700,97100,86500,95000,6089556,563774549300,0.74,2023-07-13
002990,5890,5960,5830,5840,55103,324755370,-0.85,2023-07-13
002995,17100,17190,17100,17100,207,3544680,-0.29,2023-07-13
011780,123500,125300,123100,123300,93343,11562455400,0.33,2023-07-13
011785,64400,64400,63900,64400,3269,209847200,0.78,2023-07-13
214330,925,935,890,890,1662908,1511864797,-2.94,2023-07-13
001210,1100,1118,1065,1090,515911,561368717,-2.5,2023-07-13
073240,4640,4645,4560,4560,323912,1486100095,-0.87,2023-07-13
092440,3405,3440,3400,3430,13911,47549765,0.0,2023-07-13
000270,88500,88800,87400,87500,989972,86901748200,-1.02,2023-07-13
024110,10260,10340,10260,10260,729132,7494648660,0.1,2023-07-13
013700,1706,1739,1695,1725,72080,124335543,1.11,2023-07-13
004540,2470,2490,2455,2490,20670,51129235,1.43,2023-07-13
004545,14700,14700,14350,14380,413,5935330,-0.83,2023-07-13
001260,10290,10300,9920,10030,73519,738724850,-1.28,2023-07-13
008350,2620,2650,2550,2560,1956108,5085360070,-2.1,2023-07-13
008355,23800,23800,23250,23600,1304,30355300,0.85,2023-07-13
004270,2280,2330,2280,2305,254031,584693605,1.1,2023-07-13
003920,547000,550000,507000,508000,5154,2673793000,-5.93,2023-07-13
003925,282500,283500,269000,271000,1099,297462000,-3.56,2023-07-13
025860,8170,8350,8130,8260,114615,947475370,1.1,2023-07-13
005720,4255,4345,4100,4235,41619,176308540,-1.05,2023-07-13
005725,3065,3075,3065,3075,367,1125125,-0.49,2023-07-13
002350,8540,8540,8270,8330,141340,1181639540,-1.07,2023-07-13
002355,2955,2970,2945,2960,6113,18071855,-0.34,2023-07-13
251270,46650,49000,46500,47850,370736,17807842400,3.57,2023-07-13
090350,8120,8260,8100,8120,60848,497070010,0.25,2023-07-13
090355,12950,12950,12490,12490,2490,31316440,-2.27,2023-07-13
000320,10420,10920,10400,10920,70568,760873150,5.0,2023-07-13
000325,20450,21300,20400,20700,1492,30984850,1.22,2023-07-13
006280,112000,116000,111800,113400,50036,5712011000,2.16,2023-07-13
005250,13450,14000,13450,13820,72130,999411560,2.83,2023-07-13
005257,28650,29000,28650,28700,534,15330250,0.17,2023-07-13
004370,401000,406500,399500,400500,24636,9898032000,-0.87,2023-07-13
072710,67500,67800,66800,67800,2413,162964400,0.44,2023-07-13
058730,4810,4885,4740,4740,178854,856886110,-1.46,2023-07-13
030210,3695,3720,3630,3635,366902,1344840740,-1.62,2023-07-13
023590,17750,17750,17460,17460,50978,896018590,-0.34,2023-07-13
145210,5930,6010,5810,5890,387557,2293939860,-0.67,2023-07-13
019680,2545,2545,2495,2495,22995,57666050,-0.99,2023-07-13
019685,1688,1713,1677,1688,79884,135209175,0.06,2023-07-13
006370,14140,14600,14040,14310,30144,433314320,1.2,2023-07-13
008060,6510,6620,6490,6610,65877,432470010,1.54,2023-07-13
00806K,9300,9470,9220,9400,2031,18945470,1.51,2023-07-13
353200,31200,35150,31100,33900,4308301,144885050850,10.6,2023-07-13
35320K,11530,12100,11500,11920,38079,452443270,4.29,2023-07-13
000490,11490,11490,11260,11270,252660,2861952250,-1.31,2023-07-13
008110,5270,5330,5210,5210,16984,89080100,-1.14,2023-07-13
005750,4065,4080,3980,3980,21869,87445155,-1.49,2023-07-13
006570,3515,3565,3465,3525,9952,34852530,0.28,2023-07-13
001680,16700,17190,16700,17190,163840,2795458830,3.12,2023-07-13
001685,14200,14200,13850,13920,2716,38026700,0.07,2023-07-13
084690,7200,7330,7200,7270,116256,845145330,0.97,2023-07-13
084695,8900,9000,8720,8830,7920,69760010,0.23,2023-07-13
128820,4170,4210,4100,4105,239444,993489420,-1.56,2023-07-13
117580,7830,7940,7830,7840,46989,369399500,0.13,2023-07-13
016710,14490,14900,14420,14460,90037,1322455860,0.28,2023-07-13
003540,13350,13400,13300,13300,38290,510899840,-0.37,2023-07-13
003547,12510,12510,12290,12370,28246,348271790,-0.24,2023-07-13
003545,13080,13080,12970,13000,17216,223631010,0.39,2023-07-13
009190,3625,3720,3550,3710,453436,1648062350,2.91,2023-07-13
014160,1315,1322,1282,1314,72353,94825122,-0.61,2023-07-13
047040,4235,4270,4200,4235,1938179,8199126015,0.95,2023-07-13
009320,1755,1755,1640,1730,212372,367265750,0.0,2023-07-13
003090,12360,12730,12360,12550,84265,1060987250,1.54,2023-07-13
069620,97000,99000,96300,97200,45424,4423274200,1.25,2023-07-13
000430,6430,7150,6270,6370,13821092,92954388620,1.76,2023-07-13
006340,1217,1217,1184,1194,263685,315269731,-0.25,2023-07-13
006345,2400,2400,2315,2330,4208,9798855,-1.89,2023-07-13
003220,13690,13950,13600,13690,43969,606025640,0.29,2023-07-13
024890,2830,2920,2800,2800,1743298,4978926845,-0.53,2023-07-13
002880,673,675,667,673,90146,60553858,0.0,2023-07-13
000300,1020,1030,1003,1011,1573332,1602601974,0.0,2023-07-13
012800,1445,1476,1434,1443,377955,549780731,0.77,2023-07-13
015230,8680,8710,8170,8210,1157684,9699525320,-3.41,2023-07-13
001070,12960,13040,12800,12860,100206,1293894010,-0.77,2023-07-13
006650,133700,136700,132700,132700,52893,7105896100,0.0,2023-07-13
001440,14000,14100,13900,13900,462967,6465186070,-0.43,2023-07-13
084010,13150,13550,13040,13500,43920,586332190,1.89,2023-07-13
001790,3365,3430,3320,3330,1610686,5435028180,-0.15,2023-07-13
001795,2830,2905,2830,2860,206188,592151920,0.35,2023-07-13
001130,129600,130700,129600,130000,1045,135994200,0.39,2023-07-13
003490,26000,26000,25450,25550,1812116,46535799850,-1.16,2023-07-13
003495,28400,28550,28150,28300,2211,62617350,-0.35,2023-07-13
005880,1992,2045,1966,1984,1598459,3192520276,0.15,2023-07-13
003830,105500,106100,104800,104800,282,29851200,-0.66,2023-07-13
016090,2170,2180,2155,2180,66554,144276540,0.46,2023-07-13
069460,1340,1349,1333,1334,221222,295931413,-0.37,2023-07-13
118000,511,524,511,519,266518,137969069,0.39,2023-07-13
192080,42150,43850,42150,43600,46837,2032707100,3.44,2023-07-13
012510,29300,29450,28650,28950,85768,2483210600,0.0,2023-07-13
004830,4190,4285,4180,4215,34085,144120355,0.84,2023-07-13
004835,5160,5300,5050,5050,7555,38470350,-0.98,2023-07-13
024900,9280,9290,8760,8790,2290045,20631653180,-2.77,2023-07-13
145720,147300,149900,146100,147500,54504,8027376500,0.14,2023-07-13
002150,9120,9200,8990,9030,164366,1491424130,-0.88,2023-07-13
460850,9840,10920,9760,10150,688492,7198641300,4.1,2023-07-13
460860,9490,10200,9490,10050,760471,7558336480,5.9,2023-07-13
001230,18000,18500,17760,17830,1033129,18745829960,0.17,2023-07-13
023450,37850,38400,37500,37700,1364,51439400,-0.4,2023-07-13
004140,2205,2210,2180,2180,98085,214551680,-0.46,2023-07-13
007590,6810,6870,6750,6750,2431,16477780,-0.44,2023-07-13
005960,6640,6730,6520,6560,136938,908406390,-0.46,2023-07-13
005965,27250,27450,26800,27300,977,26604350,0.0,2023-07-13
026960,19100,19240,18820,18830,115396,2184178410,-0.05,2023-07-13
002210,5930,5970,5860,5910,20658,122015190,0.0,2023-07-13
102260,4540,4565,4520,4545,47663,216301600,0.11,2023-07-13
000640,79600,81600,79400,81500,7320,593317500,2.52,2023-07-13
170900,53400,54400,52700,53500,12986,696583500,0.75,2023-07-13
028100,12700,12950,12590,12660,15907,201378680,0.08,2023-07-13
282690,11520,11580,11520,11570,15126,174589730,0.43,2023-07-13
001520,1009,1014,1006,1007,131413,132556923,-0.2,2023-07-13
001527,12500,12500,11600,11600,5116,60453720,-12.12,2023-07-13
084670,15410,15430,15350,15350,1186,18277480,0.46,2023-07-13
082640,3635,3655,3625,3650,88080,320559565,0.41,2023-07-13
001525,5920,5920,5740,5840,709,4116650,-1.68,2023-07-13
008970,1002,1009,998,1003,484022,485289976,0.2,2023-07-13
092780,5900,6070,5880,6020,107011,642717990,2.03,2023-07-13
049770,28100,29050,28100,28450,16060,459413250,1.43,2023-07-13
018500,3850,3875,3470,3480,5135338,18621620715,-11.34,2023-07-13
006040,39100,39550,37900,38600,36132,1391810100,-1.03,2023-07-13
030720,8690,8690,8430,8460,24712,209489350,-1.28,2023-07-13
014820,37000,37250,36550,36650,53246,1961415750,-0.27,2023-07-13
014825,24500,24500,24050,24300,437,10592250,-1.02,2023-07-13
163560,7460,7480,7050,7130,138797,999271290,-0.14,2023-07-13
004890,61000,61600,60600,61000,38290,2335198800,0.16,2023-07-13
002690,2175,2175,2140,2155,19730,42643960,0.0,2023-07-13
000020,10010,10200,10000,10000,67677,682673640,0.0,2023-07-13
000150,88900,89500,86800,87900,121640,10678546800,-0.68,2023-07-13
000157,87300,88300,86600,87100,210,18369500,-0.23,2023-07-13
241560,63100,63300,58500,61200,752090,45944650869,-3.32,2023-07-13
034020,18480,19180,18170,19060,8868816,166370089670,3.64,2023-07-13
000155,52000,52000,48400,50700,3436,174705750,-1.17,2023-07-13
336260,28150,28300,27850,27900,261735,7337286750,-0.18,2023-07-13
33626K,8550,8600,8400,8520,18904,159829710,-0.93,2023-07-13
33626L,9820,9930,9800,9830,3772,37223210,0.1,2023-07-13
016740,4195,4265,4085,4250,1133628,4764958135,2.41,2023-07-13
192650,9910,10220,9870,10060,476905,4806587930,1.72,2023-07-13
024090,12370,12520,12300,12360,16996,211046150,-0.16,2023-07-13
003160,7600,7740,7530,7700,69112,530113000,2.26,2023-07-13
092200,6610,6710,6480,6680,1450957,9582039040,1.52,2023-07-13
377190,3170,3240,3170,3235,62609,200661200,2.05,2023-07-13
013570,6460,6610,6340,6360,539792,3487684410,-0.47,2023-07-13
210540,17600,17600,16650,17100,194204,3300040120,-1.67,2023-07-13
115390,6000,6060,5960,6020,59200,355582730,0.33,2023-07-13
032350,10680,10740,10530,10700,405302,4309751890,0.19,2023-07-13
089860,26450,26850,26450,26600,33644,898235600,0.57,2023-07-13
330590,3635,3730,3600,3680,205041,752595305,1.38,2023-07-13
000400,1770,1785,1717,1733,133256,231255159,-1.53,2023-07-13
023530,69600,70000,68900,69200,79047,5482321100,0.0,2023-07-13
020150,53500,55400,53300,53300,519338,28068652700,0.76,2023-07-13
280360,99000,100400,99000,99200,10053,1002850500,0.2,2023-07-13
004000,69100,69200,66500,66700,83643,5614262800,-2.49,2023-07-13
286940,25000,25150,24600,24600,22094,549329550,-0.81,2023-07-13
004990,24950,25600,24850,25200,172588,4379755000,1.41,2023-07-13
00499K,37250,38450,36500,37600,709,26564750,2.45,2023-07-13
005300,124000,125700,123000,124400,29820,3713456800,1.14,2023-07-13
005305,62200,62900,61700,62700,215,13416900,0.8,2023-07-13
011170,152400,154100,151400,151600,107175,16327764200,0.13,2023-07-13
071840,9260,9720,9250,9630,54678,522083950,4.11,2023-07-13
027740,1332,1348,1321,1345,304106,406719938,0.75,2023-07-13
357430,3200,3260,3195,3260,15366,49533080,1.88,2023-07-13
001080,37050,37700,36500,36550,9982,369057150,-1.48,2023-07-13
088980,12680,12790,12680,12750,577535,7354959970,0.63,2023-07-13
094800,4150,4300,4135,4215,46477,196405925,1.93,2023-07-13
138040,44650,44900,44100,44350,566883,25243004150,-0.11,2023-07-13
090370,2765,2820,2725,2740,43373,119808100,-2.66,2023-07-13
017180,2490,2610,2475,2525,129997,330352075,2.02,2023-07-13
009900,22450,23000,22400,22850,586867,13333065550,2.93,2023-07-13
012690,2825,2845,2805,2825,63518,179462140,0.0,2023-07-13
005360,3435,3480,3435,3460,27095,93652815,0.0,2023-07-13
204210,3800,3800,3700,3715,34100,127131775,-1.46,2023-07-13
009680,8990,8990,8880,8900,11251,100357740,-0.11,2023-07-13
009580,3605,3640,3595,3610,41252,149076025,0.28,2023-07-13
009200,2395,2410,2365,2395,121958,290663750,1.05,2023-07-13
033920,5790,5840,5750,5800,29844,172973890,0.17,2023-07-13
008420,3575,3615,3540,3605,84429,303613160,0.84,2023-07-13
025560,27500,35000,27300,30750,919531,28357797600,10.41,2023-07-13
007120,1724,1724,1609,1622,131941,217237213,-0.37,2023-07-13
396690,3310,3350,3305,3340,49859,165841010,0.91,2023-07-13
357250,3180,3240,3150,3200,102448,325186925,0.95,2023-07-13
085620,3540,3545,3485,3540,59909,210717780,0.14,2023-07-13
006800,6980,7140,6930,7050,1147855,8104009050,1.59,2023-07-13
00680K,3690,3700,3655,3685,45211,166245145,0.96,2023-07-13
006805,3955,3980,3910,3970,7032,27772090,0.63,2023-07-13
002840,170000,171000,168000,169300,925,156911700,1.87,2023-07-13
268280,143700,154000,143700,151200,2918,432044600,5.51,2023-07-13
107590,99500,99500,97900,99300,860,84589500,1.02,2023-07-13
134380,64200,64300,64200,64200,390,25056900,0.16,2023-07-13
003650,67400,67400,67000,67100,240,16123800,-0.45,2023-07-13
155900,2890,2910,2885,2900,24250,70340660,0.35,2023-07-13
377740,5370,5510,5270,5480,357678,1945190980,2.05,2023-07-13
003610,2530,2570,2410,2460,440891,1097596540,-2.19,2023-07-13
001340,7810,7900,7600,7720,1443881,11159431770,-1.15,2023-07-13
035150,8280,8290,8200,8250,67213,553790650,0.24,2023-07-13
002410,3115,3115,3020,3040,118609,363155425,-0.98,2023-07-13
007210,2275,2335,2255,2275,223168,509610810,0.0,2023-07-13
002760,1630,1647,1619,1625,174613,285022399,-0.31,2023-07-13
003850,7880,8220,7880,8080,264623,2144093020,2.28,2023-07-13
000890,588,590,584,585,327664,192393376,-0.51,2023-07-13
003000,7060,7240,7010,7040,110925,790885290,-0.28,2023-07-13
001270,21300,21400,21200,21200,641,13636150,-0.47,2023-07-13
001275,18860,19050,18860,19050,17,322900,1.01,2023-07-13
026940,3425,3425,3390,3405,54699,186353770,0.15,2023-07-13
011390,73800,74700,73500,73600,1929,142323000,0.14,2023-07-13
005030,0,0,0,486,0,0,0.0,2023-07-13
002070,1660,1709,1641,1650,599997,998931513,-0.6,2023-07-13
100220,5030,5030,4935,4960,62611,311313250,-0.5,2023-07-13
090460,27000,27200,26600,26800,487735,13100937800,0.0,2023-07-13
030790,0,0,0,904,0,0,0.0,2023-07-13
005180,44150,44800,44100,44200,17958,797690700,0.23,2023-07-13
003960,25300,26150,25300,25950,12546,324292800,3.18,2023-07-13
008040,1040,1044,1031,1039,323575,335550278,0.48,2023-07-13
007160,39950,40400,39950,39950,1364,54604150,-0.37,2023-07-13
014710,4690,4765,4690,4735,14586,69141715,0.32,2023-07-13
006090,8450,8450,8330,8330,2548,21321500,-0.6,2023-07-13
001470,5090,5260,4805,4875,44614026,221603280190,0.0,2023-07-13
448730,5070,5080,5040,5060,88906,450450790,0.0,2023-07-13
006400,695000,720000,694000,715000,281166,200081511000,3.77,2023-07-13
006405,322500,333500,321000,330000,5367,1762503500,1.69,2023-07-13
006660,10940,11000,10800,10810,25241,274491000,-1.19,2023-07-13
028260,102200,104000,102200,103100,373090,38536624900,1.48,2023-07-13
02826K,88900,90400,88800,88900,7020,626996600,0.0,2023-07-13
207940,738000,750000,736000,748000,89588,66821225210,2.47,2023-07-13
032830,71000,71700,68700,69200,423306,29469517100,-2.54,2023-07-13
018260,119200,119700,117800,118400,123869,14705285800,-0.08,2023-07-13
028050,31800,31950,31200,31850,1824933,57666431350,-0.62,2023-07-13
009150,146900,148900,146200,148200,443521,65604490100,1.72,2023-07-13
009155,67600,69100,67600,68800,4502,309133800,1.93,2023-07-13
005930,72400,72600,71900,71900,14417279,1041644744600,0.0,2023-07-13
005935,60000,60100,59500,59900,845921,50537383500,0.67,2023-07-13
001360,3055,3110,2990,3020,432740,1319172005,0.17,2023-07-13
010140,8250,8360,8050,8310,16240180,133434650490,1.71,2023-07-13
010145,20000,22900,16800,16800,68565,1261923040,-47.5,2023-07-13
016360,35000,35750,35000,35400,191806,6803261300,0.85,2023-07-13
068290,20000,20350,20000,20250,6680,134928350,0.75,2023-07-13
029780,29000,29050,28800,28850,79857,2309869650,0.17,2023-07-13
000810,247500,248500,236000,238500,124250,29792297500,-1.85,2023-07-13
000815,174800,176500,171800,172600,9424,1637819700,-1.26,2023-07-13
006110,115900,125000,111600,123600,639357,75973526100,6.83,2023-07-13
145990,41900,42300,41700,42000,8446,355542700,0.72,2023-07-13
145995,25550,25550,25300,25350,933,23655500,-0.39,2023-07-13
003230,121000,122300,118000,119200,69423,8276212300,-2.13,2023-07-13
002170,50000,50400,49700,50300,1383,69333500,0.8,2023-07-13
272550,17250,17250,17100,17210,15677,269592190,-0.17,2023-07-13
000070,71500,73400,71100,71300,12686,921863000,0.71,2023-07-13
000075,53500,53500,53400,53400,45,2406100,0.0,2023-07-13
003720,4260,4430,4230,4350,348534,1521523355,3.08,2023-07-13
002810,12840,12920,12750,12850,9398,120448770,0.08,2023-07-13
005680,9350,9350,9180,9220,52648,485307250,-0.11,2023-07-13
023000,3390,3550,3345,3345,201528,688372460,-1.18,2023-07-13
004380,12730,12790,12690,12730,16100,205115030,0.0,2023-07-13
002450,1205,1209,1196,1197,78331,93969925,-0.66,2023-07-13
004440,5210,5360,5130,5130,40054,208229140,-1.54,2023-07-13
000520,7400,7460,7310,7390,57959,427371100,-0.14,2023-07-13
009770,26600,27000,26450,26500,1498,39863350,-0.38,2023-07-13
005500,22150,22450,21950,22150,49946,1107078000,0.23,2023-07-13
004690,105500,108200,105500,106500,18342,1960688200,0.28,2023-07-13
010960,3645,3670,3605,3625,18490,67115065,-0.55,2023-07-13
004450,38250,38650,37050,37850,11748,441558150,-0.66,2023-07-13
009470,22700,23100,22100,22500,201148,4545841950,-0.88,2023-07-13
011230,10400,10640,10140,10460,2529642,26225482840,-2.61,2023-07-13
001820,42800,43200,42750,42950,29205,1255128550,0.47,2023-07-13
000390,6510,6530,6340,6340,76489,492669080,-2.01,2023-07-13
001290,755,769,753,768,22721,17332308,1.19,2023-07-13
041650,4035,4045,3910,3920,188440,744626950,-3.09,2023-07-13
075180,4820,4885,4765,4765,23776,114269610,-0.83,2023-07-13
007540,55900,57100,55500,55700,17401,978761800,0.36,2023-07-13
248170,29650,30350,29550,29600,36030,1077626600,0.51,2023-07-13
007860,9810,9900,9750,9820,132024,1294813620,0.51,2023-07-13
200880,24050,25200,23500,24800,878606,21370866250,3.55,2023-07-13
017390,68100,69300,67700,68300,16216,1111300200,0.74,2023-07-13
004410,207,207,204,204,1656559,340142461,-0.97,2023-07-13
004415,2230,2230,2200,2200,9572,21083185,-1.35,2023-07-13
021050,1358,1365,1331,1345,99715,134614581,1.13,2023-07-13
008490,26500,27750,26350,27750,16752,455522150,5.31,2023-07-13
007610,0,0,0,3000,0,0,0.0,2023-07-13
136490,8350,8660,8350,8590,90981,778650950,2.38,2023-07-13
014910,2060,2085,2025,2030,352739,725164025,-0.98,2023-07-13
014915,8000,8000,7780,7950,21,165220,1.92,2023-07-13
003080,3290,3290,3225,3240,8372,27149405,0.31,2023-07-13
004980,8730,8930,8730,8890,102294,905564560,1.25,2023-07-13
004985,12700,12900,12550,12700,9898,125203560,-0.63,2023-07-13
011300,2295,2295,2165,2180,765186,1682717505,-3.54,2023-07-13
000180,2045,2065,2025,2030,89924,183267090,-0.25,2023-07-13
002420,7460,7790,7320,7330,3292,24370630,0.96,2023-07-13
004360,11800,12140,11770,11830,157613,1880966570,0.51,2023-07-13
004365,7250,7300,7230,7290,2617,18924520,0.41,2023-07-13
004490,49050,49250,48150,48300,73715,3583670750,-0.72,2023-07-13
001430,29450,29550,27850,28450,416107,11891679100,-3.07,2023-07-13
306200,157000,157000,150900,151200,15881,2427143700,-3.32,2023-07-13
003030,209000,209000,199900,200000,10298,2084094400,-2.44,2023-07-13
019440,15990,16100,15880,16050,9237,147857690,1.13,2023-07-13
058650,112900,113300,112200,112200,94,10561700,-0.62,2023-07-13
013000,1417,1423,1415,1423,49748,70601568,1.5,2023-07-13
091090,0,0,0,254,0,0,0.0,2023-07-13
021820,8800,8800,8560,8580,16388,140866780,-1.27,2023-07-13
067830,2715,2720,2700,2710,5102,13846400,-0.18,2023-07-13
033530,8970,8970,8730,8770,231949,2040053190,-1.24,2023-07-13
075580,7220,7330,7070,7300,1063471,7666507150,1.96,2023-07-13
027970,1270,1283,1266,1280,92933,118389391,0.16,2023-07-13
068270,154200,162200,154100,156000,1471599,232008042100,2.3,2023-07-13
336370,36400,37000,35450,35450,165607,5946899350,-1.25,2023-07-13
33637K,8010,8140,8000,8020,6393,51382270,0.38,2023-07-13
33637L,10180,10190,9880,9920,437,4352460,0.1,2023-07-13
248070,27950,28150,27300,27450,455436,12609381950,-1.26,2023-07-13
004430,18560,18680,18390,18480,84727,1569892380,-0.22,2023-07-13
126720,22200,22450,22000,22350,54914,1220134200,0.68,2023-07-13
017550,2890,2890,2815,2815,496870,1411995875,-1.57,2023-07-13
053210,6480,6500,6440,6490,36997,239789740,0.31,2023-07-13
026890,6380,6580,6380,6380,143258,927492630,1.11,2023-07-13
134790,36850,39500,36550,36900,69705,2671697600,0.14,2023-07-13
016590,5460,5580,5450,5560,336615,1858997530,2.96,2023-07-13
029530,33650,34250,33650,34000,3059,104064700,0.59,2023-07-13
004970,9650,9680,9600,9630,6519,62799580,-0.21,2023-07-13
011930,2700,2755,2630,2645,15677755,42226873575,-0.38,2023-07-13
005390,2060,2075,2030,2035,97554,199638025,-1.21,2023-07-13
004170,194900,195500,191600,192300,72191,13913348900,-0.98,2023-07-13
035510,13190,13400,13180,13250,21238,282799570,0.45,2023-07-13
034300,16770,17000,16640,16790,7613,127835050,0.12,2023-07-13
031430,17730,17790,17470,17540,119054,2093508350,-0.4,2023-07-13
031440,42400,42750,42000,42400,5022,212162400,0.0,2023-07-13
006880,10030,10190,9910,9960,142052,1426414500,0.3,2023-07-13
005800,10230,10230,10130,10190,1014,10299510,-0.1,2023-07-13
001720,55800,55900,55600,55700,865,48229700,-0.18,2023-07-13
001725,55500,55500,55200,55200,223,12312700,-0.18,2023-07-13
009270,1430,1444,1430,1444,196267,281358042,0.98,2023-07-13
002700,1790,1792,1770,1779,540710,963901852,-0.22,2023-07-13
002870,1000,1010,1000,1002,71749,72039266,0.2,2023-07-13
019170,15770,16200,15730,15730,193402,3080938530,0.19,2023-07-13
019175,27300,27300,26600,26900,2200,59733050,0.37,2023-07-13
404990,3250,3425,3235,3400,107727,354935825,4.62,2023-07-13
293940,6180,6180,6140,6180,55871,344459400,0.32,2023-07-13
055550,33600,33900,33350,33350,1362474,45663248050,0.0,2023-07-13
004080,14200,14200,14030,14170,11997,169339190,-0.21,2023-07-13
102280,0,0,0,269,0,0,0.0,2023-07-13
003410,4970,5030,4950,5030,573018,2869579140,1.41,2023-07-13
004770,2310,2500,2290,2350,1790735,4277777005,2.17,2023-07-13
015540,0,0,0,6410,0,0,0.0,2023-07-13
403550,14370,14500,14210,14230,30491,436010340,-0.97,2023-07-13
004920,2805,2830,2670,2770,1246461,3406890810,-2.29,2023-07-13
112610,87500,88200,86000,86300,343449,29848933500,-0.58,2023-07-13
308170,14900,16260,14750,15070,124597,1918479170,1.89,2023-07-13
008700,1942,2255,1942,2060,13032409,27976303373,6.24,2023-07-13
002790,27350,28100,27200,27350,395520,10920496350,0.92,2023-07-13
00279K,20150,20500,20150,20200,4739,96326000,-0.25,2023-07-13
002795,10230,10280,10100,10220,13261,135223570,-0.1,2023-07-13
090430,105700,105700,103300,103500,309259,32256299200,-0.58,2023-07-13
090435,33400,33500,32800,33000,8477,280675500,-1.05,2023-07-13
002030,133900,138900,133800,138400,7382,1005069300,5.25,2023-07-13
183190,9280,9540,9220,9480,131216,1233345240,3.16,2023-07-13
002310,38400,41450,37550,40100,550016,21576111500,13.92,2023-07-13
012170,840,847,808,812,259214,212757990,-3.33,2023-07-13
267850,13150,13190,12990,13000,5841,76184340,-0.76,2023-07-13
020560,12000,12090,11940,11980,236913,2842800520,-0.08,2023-07-13
122900,9800,9880,9700,9700,46299,452454400,-1.02,2023-07-13
010780,31850,32200,31350,31400,90165,2855060100,-0.48,2023-07-13
139990,9340,9410,9170,9300,28318,263849670,-0.21,2023-07-13
001780,4900,5350,4850,5230,16895298,87469309705,7.39,2023-07-13
018250,26750,26850,26250,26400,73476,1948385150,-1.12,2023-07-13
161000,21600,22600,21250,22000,1725619,38116820150,1.85,2023-07-13
011090,675,683,670,680,122729,82657983,0.74,2023-07-13
137310,11900,12340,11800,11910,742860,8963007590,0.51,2023-07-13
005850,41100,41150,39750,40300,282771,11418521600,-1.35,2023-07-13
010580,2570,2660,2565,2610,3641516,8944107005,-0.19,2023-07-13
012750,53200,53700,52600,52700,86333,4573077400,-0.57,2023-07-13
023960,1730,1759,1694,1718,206216,354757758,0.47,2023-07-13
298690,3500,3500,3305,3380,479095,1620977275,-2.31,2023-07-13
140910,3730,3765,3730,3745,1485,5557905,0.4,2023-07-13
078520,7050,7180,6600,6700,297062,1999446670,-4.96,2023-07-13
015260,1625,1667,1623,1623,64969,106187605,-0.12,2023-07-13
007460,1123,1146,1112,1116,464802,524112945,-0.45,2023-07-13
003060,355,361,350,353,1016538,360858891,-0.28,2023-07-13
244920,4575,4620,4505,4535,29805,135910090,0.11,2023-07-13
036570,288500,296000,288500,291500,150106,43917740000,1.92,2023-07-13
380440,9980,10000,9980,9990,5609,56004950,-0.1,2023-07-13
085310,1144,1148,1101,1116,1129908,1263145563,0.09,2023-07-13
900140,2630,2650,2530,2590,1340200,3453285680,-0.77,2023-07-13
097520,29150,29550,28800,28850,89285,2596967850,-1.03,2023-07-13
014440,3790,3845,3750,3835,19718,74767480,0.66,2023-07-13
111770,62300,63500,61000,61300,184806,11419148200,-0.49,2023-07-13
009970,77000,77900,76700,77800,9957,769115000,1.04,2023-07-13
003520,2390,2480,2390,2480,459535,1125635990,3.33,2023-07-13
000670,549000,553000,540000,540000,1619,883595000,-0.55,2023-07-13
006740,26500,27100,26050,26650,1469158,38763950810,0.57,2023-07-13
012280,1009,1012,999,1002,113029,113414453,-0.4,2023-07-13
012160,747,755,738,744,47329,35202397,-0.27,2023-07-13
015360,31600,31800,31500,31600,1474,46675350,0.0,2023-07-13
007310,379500,385000,378500,378500,8608,3279308000,0.26,2023-07-13
002630,674,699,674,685,257614,176653106,1.93,2023-07-13
271560,120700,123000,120200,122500,80923,9877020500,2.34,2023-07-13
001800,14160,14350,14160,14230,89958,1282968830,0.57,2023-07-13
011690,1060,1074,1035,1058,799653,843516998,0.0,2023-07-13
070960,3210,3225,3135,3205,71890,228960410,1.1,2023-07-13
316140,11630,11710,11600,11600,2062734,24019293530,0.43,2023-07-13
010050,717,725,717,722,612181,442417205,0.7,2023-07-13
006980,22200,22400,22000,22200,2890,64185850,0.0,2023-07-13
017370,4930,5060,4865,4940,438140,2174543285,-0.7,2023-07-13
105840,10780,11700,10550,11580,4426600,49574840990,8.94,2023-07-13
010400,5780,5920,5780,5800,6126,35953560,0.35,2023-07-13
049800,4505,4605,4440,4540,534609,2415542115,0.33,2023-07-13
016880,1380,1395,1344,1365,87235,119927588,-0.73,2023-07-13
095720,2510,2595,2510,2515,297769,760368560,0.4,2023-07-13
005820,22200,22400,22100,22200,3320,73948800,0.0,2023-07-13
010600,3800,4110,3430,3640,52571290,194823599405,0.83,2023-07-13
008600,579,595,575,586,200865,117044641,0.51,2023-07-13
033270,23600,24150,23500,23700,43738,1042448100,0.42,2023-07-13
014830,62400,63500,62200,62400,25167,1576620800,0.0,2023-07-13
446070,8510,8510,7680,7910,428888,3394833610,-6.5,2023-07-13
000910,6760,6760,6610,6640,260475,1733440340,-2.06,2023-07-13
047400,4385,4395,4250,4285,1984006,8563695835,-3.82,2023-07-13
011330,1323,1323,1275,1283,320154,411282128,-0.54,2023-07-13
077500,14680,14930,14430,14680,502313,7398476750,0.2,2023-07-13
002920,3115,3145,3090,3090,11250,35031865,-0.8,2023-07-13
000700,6000,6010,5900,5900,28308,167981920,-1.67,2023-07-13
003470,2690,2715,2650,2680,187683,504244905,0.19,2023-07-13
003475,2605,2630,2570,2605,6960,18095385,-0.19,2023-07-13
072130,3815,4060,3720,3785,667891,2585426430,0.0,2023-07-13
000220,5090,5210,5090,5140,67037,346080100,0.39,2023-07-13
000225,5280,5380,5200,5350,8623,45665440,0.19,2023-07-13
000227,11920,11920,11720,11720,57,671360,-0.42,2023-07-13
001200,4160,4420,4135,4200,824895,3536232375,0.12,2023-07-13
000100,59500,60400,59200,59300,210067,12527493300,0.0,2023-07-13
000105,54800,54900,53900,54700,943,51510800,0.0,2023-07-13
003460,2395,2395,2375,2395,5678,13562660,0.0,2023-07-13
003465,2515,2515,2515,2515,1,2515,-0.2,2023-07-13
008730,32750,33600,32450,32900,119430,3945921900,0.46,2023-07-13
008250,7650,7730,7650,7670,17747,136270670,0.26,2023-07-13
025820,4520,4590,4455,4460,778937,3529759035,-0.45,2023-07-13
214320,40900,41600,40600,41150,43686,1797806550,1.48,2023-07-13
088260,5090,5180,5000,5130,43210,219497400,2.81,2023-07-13
139480,77600,78800,77200,78300,152915,11937086000,1.16,2023-07-13
457190,307500,332000,305000,331500,262774,84008890000,6.25,2023-07-13
007660,32000,33550,31200,32350,15544297,502976902150,4.86,2023-07-13
005950,25700,26050,25550,25650,426224,10967099950,0.39,2023-07-13
015020,860,870,847,850,120484,102583560,-0.12,2023-07-13
093230,0,0,0,1392,0,0,0.0,2023-07-13
074610,9070,9230,8960,9010,1183410,10753094030,-1.42,2023-07-13
102460,15630,16380,15630,15870,50758,814462210,1.54,2023-07-13
084680,1457,1470,1453,1470,77121,112526895,1.03,2023-07-13
350520,3760,3815,3760,3815,33294,126140435,1.33,2023-07-13
334890,4435,4440,4380,4405,68233,300730610,0.34,2023-07-13
000760,19540,20000,19200,19400,8295,161224030,-0.92,2023-07-13
014990,1133,1156,1102,1144,624538,710168379,2.51,2023-07-13
101140,0,0,0,467,0,0,0.0,2023-07-13
006490,1373,1389,1368,1372,289589,399131617,-0.15,2023-07-13
023800,9380,9420,9170,9180,78157,724608790,-1.18,2023-07-13
034590,25900,25900,25550,25600,552,14136300,0.39,2023-07-13
129260,2595,2640,2590,2610,66416,173467660,0.77,2023-07-13
023810,12080,12170,11820,11990,117051,1402446160,-0.08,2023-07-13
249420,15290,17700,15150,16140,1670257,28044223540,7.17,2023-07-13
000230,8600,11000,8600,9900,1356739,13946041280,15.65,2023-07-13
013360,2125,2135,2095,2100,122411,257629585,-0.47,2023-07-13
003120,26000,26050,25250,25550,5866,149907850,0.59,2023-07-13
003200,10140,10530,10100,10300,11301,116722470,2.18,2023-07-13
007110,1291,1305,1286,1302,211131,273995229,0.54,2023-07-13
007570,16790,17410,16790,17150,54124,929068190,2.21,2023-07-13
007575,16590,16590,15500,15700,5549,88381230,-5.42,2023-07-13
008500,0,0,0,12900,0,0,0.0,2023-07-13
081000,19150,19320,19100,19250,26502,509452560,1.74,2023-07-13
020760,1310,1330,1270,1286,127484,164128883,-1.15,2023-07-13
103590,11610,11610,10850,11260,660920,7381535600,-2.09,2023-07-13
271940,31200,31300,30650,30650,82995,2557173900,-0.65,2023-07-13
015860,4665,4690,4605,4660,136190,631682415,0.22,2023-07-13
226320,14640,14710,13860,13890,82372,1160131750,-4.99,2023-07-13
317400,6290,6290,5990,6100,71668,440599090,-1.93,2023-07-13
033240,31150,31850,31100,31700,148870,4695285550,2.42,2023-07-13
000950,27950,27950,27550,27800,193,5355450,0.0,2023-07-13
348950,4180,4310,4155,4305,354319,1506904440,3.24,2023-07-13
194370,14750,14750,14320,14560,23552,342435260,-0.34,2023-07-13
025620,6550,6550,6330,6370,3886,24803780,0.0,2023-07-13
030000,18570,18630,18240,18360,485661,8939936760,-0.38,2023-07-13
271980,18410,18820,18310,18600,37354,693788390,1.58,2023-07-13
001560,8090,8180,7980,7980,5813,46957680,-0.37,2023-07-13
002620,12400,12620,12350,12350,10707,133076410,-0.08,2023-07-13
006220,11850,12070,11510,11830,904886,10719886570,-2.23,2023-07-13
089590,15500,15500,14700,14730,1105501,16516339800,-4.47,2023-07-13
004910,6760,6900,6400,6800,51520,348219130,0.59,2023-07-13
004700,49400,49400,48750,49400,812,39944500,0.0,2023-07-13
001550,15000,15570,14800,15430,27251,416644100,2.94,2023-07-13
000480,0,0,0,21200,0,0,0.0,2023-07-13
120030,128000,128400,117000,120100,84274,10259361500,2.74,2023-07-13
018470,3000,3045,2955,3040,2950516,8834191285,1.5,2023-07-13
002600,204000,206000,204000,204500,10,2048500,0.74,2023-07-13
185750,77100,79200,77100,78300,33128,2602919500,1.82,2023-07-13
063160,22850,23800,22850,23550,9219,216653300,1.95,2023-07-13
001630,47150,47500,47100,47150,1265,59731200,0.0,2023-07-13
044380,700,703,687,688,192319,132700608,-0.72,2023-07-13
013890,25900,26200,25400,25500,48833,1257369600,-1.35,2023-07-13
013870,4945,4995,4845,4870,78684,384332950,-1.12,2023-07-13
071320,26750,27050,26750,26950,4828,129881250,0.0,2023-07-13
035000,6130,6160,6100,6130,11844,72476000,0.0,2023-07-13
088790,2630,2660,2605,2605,36103,95230175,-0.95,2023-07-13
003780,6410,7050,6350,6560,716497,4825852720,2.5,2023-07-13
010640,5020,6260,4960,5500,5626191,32962706020,10.55,2023-07-13
100250,3200,3515,3195,3350,571625,1931295515,4.69,2023-07-13
051630,3325,3780,3275,3445,1589856,5631306625,3.61,2023-07-13
272450,16750,16780,16440,16580,197928,3280662350,-0.72,2023-07-13
011000,3820,4685,3790,4020,6412490,27509035065,8.8,2023-07-13
002780,1265,1295,1263,1265,391907,499331919,0.08,2023-07-13
002787,11870,11960,11870,11960,175,2079560,0.17,2023-07-13
002785,5270,5270,5100,5100,373,1924090,-1.54,2023-07-13
009310,705,714,703,704,128594,90894370,-0.14,2023-07-13
000650,51700,51900,51600,51600,65,3357500,-0.58,2023-07-13
012600,0,0,0,2490,0,0,0.0,2023-07-13
033250,1006,1006,990,991,77300,76856544,-0.6,2023-07-13
035720,52000,52600,51700,51900,1955527,101784413400,0.58,2023-07-13
323410,24800,25650,24600,25300,1756316,44525942500,3.05,2023-07-13
377300,49950,51000,49600,50600,492692,24935951200,2.85,2023-07-13
006380,720,739,710,711,131616,95130048,-1.25,2023-07-13
109070,0,0,0,4100,0,0,0.0,2023-07-13
001620,624,639,624,631,160467,101284838,1.28,2023-07-13
029460,18890,19300,18810,19180,32910,630286710,2.29,2023-07-13
281820,21100,22250,20950,22200,119120,2599507450,5.97,2023-07-13
381970,13130,13930,13130,13210,580583,7871890200,0.38,2023-07-13
145270,1019,1035,1009,1027,106147,109111741,1.38,2023-07-13
417310,4800,4840,4760,4840,41870,200996365,1.68,2023-07-13
357120,5630,5640,5550,5640,41970,235478730,0.89,2023-07-13
007815,6200,6340,6190,6300,5530,34591940,1.61,2023-07-13
007810,17040,17480,16880,17180,353141,6062494880,2.57,2023-07-13
00781K,7150,7280,7150,7180,2942,21325370,-0.55,2023-07-13
003690,6850,6850,6650,6700,187290,1260189190,-0.89,2023-07-13
192820,92200,92300,88600,89200,110174,9870368500,-2.41,2023-07-13
044820,9370,9370,9170,9290,6164,56960710,-0.11,2023-07-13
005070,194500,195500,188600,188600,536996,102425818300,-3.03,2023-07-13
005420,55800,56500,53600,55300,1180534,65350545900,-2.12,2023-07-13
071950,757,770,744,754,138195,104139187,0.8,2023-07-13
002020,18970,19270,18940,19050,14097,268727780,0.58,2023-07-13
003070,13650,13800,13620,13720,35173,481310570,0.51,2023-07-13
003075,19270,19510,19120,19300,3132,60363560,-0.1,2023-07-13
450140,4060,4105,4020,4045,242690,985386505,-0.61,2023-07-13
45014K,8000,8000,7890,7990,6804,53965590,-0.13,2023-07-13
002025,14200,14360,14110,14330,1186,16899190,0.92,2023-07-13
120110,53800,53800,51400,51800,516550,26924802800,-3.0,2023-07-13
120115,26850,26900,26300,26500,5679,150979650,-1.12,2023-07-13
138490,9400,9400,9270,9310,50103,466794880,-0.21,2023-07-13
021240,44350,45650,44050,44700,274477,12347919450,1.71,2023-07-13
036420,15620,16700,15600,16590,301086,4901538380,6.01,2023-07-13
031820,921,922,889,895,3012738,2719093848,-3.03,2023-07-13
192400,15820,16050,15770,16030,20440,326129880,1.33,2023-07-13
284740,23100,23350,22900,23000,14744,341071850,0.22,2023-07-13
015590,1135,1159,1015,1025,10020242,10846455970,-7.32,2023-07-13
264900,8930,9040,8930,8940,12455,111926120,0.0,2023-07-13
26490K,10650,10740,10530,10620,1720,18212150,-0.28,2023-07-13
005740,6030,6050,5980,6020,8653,51989060,0.5,2023-07-13
005745,10270,10270,10020,10050,2396,24038350,-2.14,2023-07-13
259960,185500,194800,185400,192200,174884,33669896700,3.72,2023-07-13
020120,6960,7270,6930,7170,85513,608103460,2.72,2023-07-13
039490,86600,90800,86500,90100,157002,14067253700,4.89,2023-07-13
014580,8570,8890,8430,8430,1834871,15891730760,-0.24,2023-07-13
015890,7770,7940,7710,7810,231226,1810472140,0.9,2023-07-13
006890,14640,15200,14450,14650,292215,4339100400,2.16,2023-07-13
003240,601000,606000,600000,602000,563,339536000,0.17,2023-07-13
011280,2600,2635,2600,2615,24744,64690750,0.77,2023-07-13
004100,1782,1812,1604,1669,497854,837904918,-6.34,2023-07-13
004105,2930,2965,2830,2855,16296,46583765,-2.56,2023-07-13
009410,3960,3960,3905,3905,59604,233754110,-0.89,2023-07-13
009415,6180,6180,5910,5970,2784,16595820,-1.49,2023-07-13
001420,5290,5290,5000,5030,23155,117877300,-4.91,2023-07-13
007980,1783,1792,1710,1734,788442,1383626130,-2.2,2023-07-13
055490,51700,51700,50900,51100,12228,626098500,0.0,2023-07-13
078000,8980,9050,8800,8890,10984,97839030,-0.89,2023-07-13
214420,5310,5380,5110,5180,238067,1228731730,-2.26,2023-07-13
019180,3695,3695,3550,3550,131365,473165185,-3.01,2023-07-13
363280,7850,7900,7510,7510,225835,1717208750,-4.33,2023-07-13
36328K,9590,9590,9160,9160,6584,61146410,-4.48,2023-07-13
091810,3255,3295,3200,3280,1794405,5835108135,0.92,2023-07-13
004870,626,626,614,614,187167,115654043,-0.81,2023-07-13
005690,7150,7400,7090,7210,231707,1684886440,1.84,2023-07-13
036580,3955,4105,3955,4060,102182,411210300,2.53,2023-07-13
004720,5620,6840,5610,5890,4491571,28579832870,4.8,2023-07-13
028670,5090,5220,5070,5150,3730153,19247738490,2.18,2023-07-13
010820,4280,4280,4160,4170,858846,3610620680,-2.34,2023-07-13
016800,30600,30600,29550,29550,1237,36770500,-2.8,2023-07-13
001020,872,887,864,880,393827,345889434,1.97,2023-07-13
090080,1632,1654,1601,1603,592018,959231226,-2.26,2023-07-13
010770,3880,3905,3835,3870,57438,221772825,-1.28,2023-07-13
058430,55800,57400,54300,55400,280599,15726856600,0.0,2023-07-13
047050,46000,46100,43800,45800,2430356,109094277900,1.1,2023-07-13
003670,390000,394000,386000,388500,759746,296335830000,-0.38,2023-07-13
017810,10410,10550,10370,10460,22505,235037500,0.67,2023-07-13
103140,42650,43200,41800,41950,210134,8862468400,-1.18,2023-07-13
005810,38500,38700,37650,37800,19815,753752900,-1.43,2023-07-13
950210,8990,9200,8950,9130,31416,286269680,1.56,2023-07-13
009810,733,755,730,745,414214,306979139,1.09,2023-07-13
086790,38750,38950,38150,38150,1438213,55282962700,-0.91,2023-07-13
293480,13770,13950,13770,13800,16295,226022990,0.88,2023-07-13
039130,51500,51600,50500,51100,93275,4742979600,-0.39,2023-07-13
352820,264500,264500,250500,259000,727720,185994282000,-1.52,2023-07-13
071090,4325,4385,4255,4295,182021,784552195,-1.04,2023-07-13
019490,0,0,0,2470,0,0,0.0,2023-07-13
000080,21100,21550,21000,21000,307261,6521044550,0.72,2023-07-13
000087,15990,16400,15980,16090,1837,29628830,-0.06,2023-07-13
000140,9250,9290,9230,9230,6606,61104340,0.0,2023-07-13
000145,12330,12330,12250,12320,272,3337010,-0.08,2023-07-13
152550,653,654,636,642,5235128,3355617616,-1.23,2023-07-13
036460,24950,25600,24950,25550,330210,8417640350,2.82,2023-07-13
005430,38500,38650,38350,38500,2880,110820300,0.0,2023-07-13
071050,50600,51200,50200,50500,191559,9701792600,0.4,2023-07-13
071055,39400,39900,39400,39700,4500,178400650,0.51,2023-07-13
010040,3785,3850,3710,3715,232925,877399695,-2.49,2023-07-13
025540,62000,62300,60800,60900,17715,1083659100,-1.62,2023-07-13
010100,4020,4025,3905,3925,252393,995704335,-1.51,2023-07-13
004090,10340,10340,10200,10310,19633,201539580,0.78,2023-07-13
002200,2985,3080,2970,3005,98683,295684335,0.17,2023-07-13
002960,221500,223000,221000,222000,1680,372870500,0.23,2023-07-13
000240,11850,11940,11690,11690,181179,2129867410,-1.35,2023-07-13
123890,3060,3070,3025,3025,105500,320978480,-1.14,2023-07-13
015760,20200,20850,20150,20700,2442703,50355973900,3.5,2023-07-13
006200,1244,1262,1236,1236,235786,294532437,-0.64,2023-07-13
023350,6680,6680,6590,6620,24574,162689600,-0.3,2023-07-13
025890,3110,3190,3095,3100,75688,237175225,-0.32,2023-07-13
000970,7310,7370,7230,7310,21883,159992530,0.14,2023-07-13
104700,6300,6400,6290,6330,119964,761864660,0.48,2023-07-13
017960,13430,13950,13000,13640,2790775,37871579950,4.44,2023-07-13
161890,47250,47600,46000,46400,160243,7456622650,-1.8,2023-07-13
024720,13860,13900,13140,13260,160635,2130817930,-3.77,2023-07-13
161390,36600,36900,35550,36200,287220,10398313550,-1.23,2023-07-13
034830,1322,1329,1307,1307,954510,1254694927,-0.83,2023-07-13
007280,1978,2000,1978,1985,110503,219703480,-0.5,2023-07-13
168490,2190,2190,2180,2190,9531,20848670,0.23,2023-07-13
047810,55100,55100,54100,54500,813775,44389225600,-1.27,2023-07-13
123690,6380,6410,6320,6400,15081,95941190,1.59,2023-07-13
003350,27000,27300,25850,26600,25928,685918950,-1.48,2023-07-13
011500,20250,20550,20050,20300,297137,6031972600,0.25,2023-07-13
002390,13740,14080,13740,13920,15624,217521360,1.31,2023-07-13
053690,29450,29450,28700,28900,147938,4274370050,-1.03,2023-07-13
042700,32650,41200,32300,41200,20838329,798183526650,29.97,2023-07-13
008930,31350,32400,31350,31400,235040,7446624150,1.29,2023-07-13
128940,278500,280500,272000,274500,54997,15187828500,-0.54,2023-07-13
009240,44050,44400,43550,44100,52403,2304730600,0.57,2023-07-13
020000,22350,22750,22200,22350,75243,1693232800,0.68,2023-07-13
003680,5580,5600,5450,5470,28162,155129110,-1.97,2023-07-13
105630,19750,19850,18870,18900,263768,5042728050,-4.11,2023-07-13
069640,2565,2660,2545,2590,13931,35947500,1.37,2023-07-13
016450,4855,4895,4830,4830,14872,72282670,-0.51,2023-07-13
010420,1695,1750,1676,1706,113478,193700962,0.65,2023-07-13
009180,2615,2645,2590,2600,63559,165879960,-0.57,2023-07-13
213500,10800,10900,10760,10770,42945,464453600,0.28,2023-07-13
014680,222500,222500,214500,217500,71959,15642686500,-0.91,2023-07-13
004710,7900,7950,7860,7900,123670,976565050,0.38,2023-07-13
004150,3110,3110,3060,3070,30097,92608710,0.0,2023-07-13
025750,1041,1041,1032,1038,171886,177964969,0.58,2023-07-13
004960,8120,8170,8040,8060,23289,188198840,-0.62,2023-07-13
011700,5720,5910,5600,5870,1418057,8168308360,2.98,2023-07-13
001750,8880,8900,8820,8860,4822,42689220,-0.11,2023-07-13
001755,11810,12190,11810,12010,113,1351370,-0.41,2023-07-13
018880,9490,9530,9300,9300,828780,7770040520,-0.64,2023-07-13
009420,19790,20350,19650,19910,322385,6458265330,1.53,2023-07-13
014130,5580,5690,5450,5490,52145,287295880,-2.14,2023-07-13
300720,11760,11820,11630,11660,62729,733505390,-0.09,2023-07-13
002220,3310,3365,3305,3335,72019,239620830,0.76,2023-07-13
006390,17120,17150,17010,17090,10116,172659030,0.41,2023-07-13
003300,11810,11810,11600,11700,3923,45847070,0.0,2023-07-13
051600,33600,34600,33600,34200,211248,7214328150,1.79,2023-07-13
052690,76700,81900,75500,81000,564962,44824158400,6.58,2023-07-13
130660,9000,9410,8810,9410,2271584,20751899520,1.4,2023-07-13
002320,19150,19200,19030,19140,19521,372766910,0.21,2023-07-13
003480,3675,3675,3635,3665,13556,49565590,-0.27,2023-07-13
180640,45200,46000,44750,44800,99676,4501793200,-0.78,2023-07-13
18064K,26000,26300,25400,26000,1881,48379000,0.0,2023-07-13
005110,457,463,448,454,1220630,554582938,0.22,2023-07-13
009460,1287,1287,1279,1284,58357,74817605,0.0,2023-07-13
372910,5830,5950,5740,5800,209709,1224588730,0.35,2023-07-13
000880,30200,32200,30150,31500,884102,27900112850,5.35,2023-07-13
00088K,14750,15400,14750,15220,80239,1215912850,3.19,2023-07-13
452260,1391,1439,1389,1429,1932532,2754267368,3.03,2023-07-13
45226K,5590,5590,5500,5500,12391,68540440,0.0,2023-07-13
451800,5320,5390,5210,5300,55313,291436570,0.0,2023-07-13
088350,2515,2545,2480,2480,1782758,4461570405,-0.4,2023-07-13
000370,4020,4040,3960,4035,101986,410383020,0.37,2023-07-13
009830,43750,45150,43700,45050,2311206,103159700600,5.01,2023-07-13
009835,30850,31450,30500,30900,25036,774910100,2.15,2023-07-13
272210,17300,17600,17020,17250,2701937,46808035680,-1.15,2023-07-13
012450,138400,142000,136500,141200,581764,81471104800,2.92,2023-07-13
042660,46450,48650,45400,48450,1912240,91575027150,5.33,2023-07-13
000885,33100,33450,33100,33300,759,25352550,0.6,2023-07-13
003530,2570,2595,2555,2575,237874,612554615,0.78,2023-07-13
003535,4740,4830,4740,4805,2782,13316060,0.42,2023-07-13
195870,64200,65800,63200,63200,194877,12476461500,0.48,2023-07-13
101530,5950,5990,5920,5930,7985,47418270,-0.34,2023-07-13
143210,3275,3280,3250,3280,7293,23820435,0.15,2023-07-13
000720,36950,37000,36450,36950,665041,24476240100,0.96,2023-07-13
000725,60500,60600,59900,60100,3226,194343300,0.33,2023-07-13
453340,12090,12170,12040,12100,133956,1618590980,0.17,2023-07-13
086280,194000,198900,193800,194800,118943,23332126800,0.67,2023-07-13
064350,37900,38950,37150,38150,3778433,142903037050,0.93,2023-07-13
079430,8330,8650,8270,8390,15926,134067690,0.84,2023-07-13
012330,233000,235500,232000,233000,218859,51167358000,0.22,2023-07-13
010620,92200,92700,90900,92100,298663,27474676500,0.0,2023-07-13
069960,54400,55300,53800,54000,175463,9570508000,-0.74,2023-07-13
004560,15300,15450,15090,15140,115880,1759146940,-1.05,2023-07-13
004565,7960,8230,6420,6520,60367,434653410,-36.08,2023-07-13
004310,3845,3985,3845,3945,101778,399797440,2.6,2023-07-13
017800,40700,41000,40150,40650,205068,8332475200,0.99,2023-07-13
307950,147500,149100,145800,146500,89678,13175838100,-0.48,2023-07-13
011210,66700,67400,65400,65600,246886,16325739200,-1.2,2023-07-13
004020,33950,34150,33600,33750,577880,19548929000,0.9,2023-07-13
005440,3525,3590,3525,3555,156772,556928080,0.42,2023-07-13
005380,205000,205000,203000,203500,540814,110343118500,0.0,2023-07-13
005387,110700,110800,109600,110200,74732,8215572200,-0.54,2023-07-13
005389,106800,106800,106300,106400,6943,739452300,-0.47,2023-07-13
005385,109300,109300,108300,108800,40332,4383684100,-0.64,2023-07-13
001500,8540,8620,8500,8510,35810,306386000,-0.35,2023-07-13
011760,23350,23350,22150,22300,174870,3940806250,-4.29,2023-07-13
227840,12280,12280,11930,11990,23806,286812950,-1.88,2023-07-13
126560,2945,2975,2935,2935,104682,308335645,-0.84,2023-07-13
001450,30100,30200,29500,29500,411305,12222301350,-1.34,2023-07-13
057050,44800,46000,44800,45550,12763,581519750,1.79,2023-07-13
093240,1413,1444,1391,1396,99606,139694101,-1.2,2023-07-13
003010,6280,6300,6190,6190,110071,686099690,-0.8,2023-07-13
111110,8880,8910,8700,8740,57194,501157020,-1.58,2023-07-13
008770,76200,76600,75200,75400,396477,30049554500,-1.18,2023-07-13
008775,50600,51100,50400,51100,2453,124504900,0.0,2023-07-13
002460,10150,10230,10150,10160,19906,202612270,0.1,2023-07-13
378850,4670,4720,4625,4690,77268,361544655,0.54,2023-07-13
241590,8990,9000,8620,8680,300743,2627498860,-2.36,2023-07-13
006060,3730,3770,3710,3720,37095,138210030,-0.27,2023-07-13
013520,2120,2130,2070,2085,115820,241508210,-2.8,2023-07-13
010690,21350,21800,20900,21350,584649,12489709250,-0.23,2023-07-13
133820,2590,2655,2545,2570,182581,475796865,0.39,2023-07-13
010660,4385,4575,4310,4315,1836909,8111825720,-2.49,2023-07-13
000850,37200,37950,37100,37800,6072,228267300,1.61,2023-07-13
016580,13820,13910,13800,13900,29503,408952790,0.58,2023-07-13
032560,8780,8780,8570,8580,138650,1197878200,-1.15,2023-07-13
004800,58800,60000,58800,59200,43869,2601105700,0.68,2023-07-13
094280,12650,12700,12600,12650,13250,167719110,0.0,2023-07-13
298040,134300,144600,128200,141300,174800,23383976500,5.45,2023-07-13
298050,465000,465000,449500,451000,36318,16463991000,-1.53,2023-07-13
298020,361500,361500,349500,353000,20701,7323663000,-0.56,2023-07-13
298000,94100,94700,90000,90400,32120,2948122500,-4.54,2023-07-13
093370,14060,14170,13580,13600,2832877,39262520790,-2.16,2023-07-13
081660,38500,38900,37950,38600,268453,10352965650,1.71,2023-07-13
005870,5930,5970,5910,5910,60330,358026740,-0.17,2023-07-13
079980,4435,4450,4390,4425,17275,76411265,0.23,2023-07-13
005010,7250,7270,6710,6770,3350582,23333626390,-4.24,2023-07-13
000540,3060,3090,3025,3030,44332,134645520,-0.82,2023-07-13
000547,5190,5190,3800,3800,99847,409057325,-45.01,2023-07-13
000545,5450,5450,5360,5360,1564,8486660,-1.29,2023-07-13
003280,2760,3090,2680,2795,22885514,65406415845,0.18,2023-07-13
